Workbook
Name Offset: Punkte!$B$10

Sheet Rangliste
A1: Ranking | B1: Name | C1: Verein | D1: LV | E1: M/W/D | F1: SpielerID | G1: Jg. | H1: WBV 1 | I1: WBV 2 | J1: WBV 3 | K1: WBV 4 | L1: NÖBV 1 | M1: NÖBV 2 | N1: NÖBV 3 | O1: Regio 1 | P1: Regio 2 | Q1: Regio 3 | R1: LV Points | S1: Regio Points | T1: NW OST | U1: Stand: WBV: 31.06.2026 NÖBV: 5.7.2026 Regio: 15.3.2026
A2: 1 | B2: Valentin Grebien | C2: WBH WIEN | D2: WBV | E2: M | F2: 108667 | G2: 2010 | H2: =MAX(IF(ISNA(VLOOKUP(B2,'WBV 1'!$B$3:$C$34,2,FALSE))=TRUE,0,VLOOKUP(B2,'WBV 1'!$B$3:$C$34,2,FALSE)),IF(ISNA(VLOOKUP(B2,'WBV 1'!$F$3:$G$34,2,FALSE))=TRUE,0,VLOOKUP(B2,'WBV 1'!$F$3:$G$34,2,FALSE)),IF(ISNA(VLOOKUP(B2,'WBV 1'!$J$3:$K$34,2,FALSE))=TRUE,0,VLOOKUP(B2,'WBV 1'!$J$3:$K$34,2,FALSE)),IF(ISNA(VLOOKUP(B2,'WBV 1'!$N$3:$O$34,2,FALSE))=TRUE,0,VLOOKUP(B2,'WBV 1'!$N$3:$O$34,2,FALSE))) -> 0 | I2: =MAX(IF(ISNA(VLOOKUP(B2,'WBV 2'!$B$3:$C$34,2,FALSE))=TRUE,0,VLOOKUP(B2,'WBV 2'!$B$3:$C$34,2,FALSE)),IF(ISNA(VLOOKUP(B2,'WBV 2'!$F$3:$G$34,2,FALSE))=TRUE,0,VLOOKUP(B2,'WBV 2'!$F$3:$G$34,2,FALSE)),IF(ISNA(VLOOKUP(B2,'WBV 2'!$J$3:$K$34,2,FALSE))=TRUE,0,VLOOKUP(B2,'WBV 2'!$J$3:$K$34,2,FALSE)),IF(ISNA(VLOOKUP(B2,'WBV 2'!$N$3:$O$34,2,FALSE))=TRUE,0,VLOOKUP(B2,'WBV 2'!$N$3:$O$34,2,FALSE))) -> 0 | J2: =MAX(IF(ISNA(VLOOKUP(B2,'WBV 3'!$B$3:$C$34,2,FALSE))=TRUE,0,VLOOKUP(B2,'WBV 3'!$B$3:$C$34,2,FALSE)),IF(ISNA(VLOOKUP(B2,'WBV 3'!$F$3:$G$34,2,FALSE))=TRUE,0,VLOOKUP(B2,'WBV 3'!$F$3:$G$34,2,FALSE)),IF(ISNA(VLOOKUP(B2,'WBV 3'!$J$3:$K$34,2,FALSE))=TRUE,0,VLOOKUP(B2,'WBV 3'!$J$3:$K$34,2,FALSE)),IF(ISNA(VLOOKUP(B2,'WBV 3'!$N$3:$O$34,2,FALSE))=TRUE,0,VLOOKUP(B2,'WBV 3'!$N$3:$O$34,2,FALSE))) -> 0 | K2: =MAX(IF(ISNA(VLOOKUP(B2,'WBV 4'!$B$3:$C$34,2,FALSE))=TRUE,0,VLOOKUP(B2,'WBV 4'!$B$3:$C$34,2,FALSE)),IF(ISNA(VLOOKUP(B2,'WBV 4'!$F$3:$G$34,2,FALSE))=TRUE,0,VLOOKUP(B2,'WBV 4'!$F$3:$G$34,2,FALSE)),IF(ISNA(VLOOKUP(B2,'WBV 4'!$J$3:$K$34,2,FALSE))=TRUE,0,VLOOKUP(B2,'WBV 4'!$J$3:$K$34,2,FALSE)),IF(ISNA(VLOOKUP(B2,'WBV 4'!$N$3:$O$34,2,FALSE))=TRUE,0,VLOOKUP(B2,'WBV 4'!$N$3:$O$34,2,FALSE))) -> 0 | L2: =MAX(IF(ISNA(VLOOKUP(B2,'NÖBV 1'!$B$3:$C$34,2,FALSE))=TRUE,0,VLOOKUP(B2,'NÖBV 1'!$B$3:$C$34,2,FALSE)),IF(ISNA(VLOOKUP(B2,'NÖBV 1'!$F$3:$G$34,2,FALSE))=TRUE,0,VLOOKUP(B2,'NÖBV 1'!$F$3:$G$34,2,FALSE)),IF(ISNA(VLOOKUP(B2,'NÖBV 1'!$J$3:$K$34,2,FALSE))=TRUE,0,VLOOKUP(B2,'NÖBV 1'!$J$3:$K$34,2,FALSE)),IF(ISNA(VLOOKUP(B2,'NÖBV 1'!$N$3:$O$34,2,FALSE))=TRUE,0,VLOOKUP(B2,'NÖBV 1'!$N$3:$O$34,2,FALSE))) -> 0 | M2: =MAX(IF(ISNA(VLOOKUP(B2,'NÖBV 2'!$B$3:$C$34,2,FALSE))=TRUE,0,VLOOKUP(B2,'NÖBV 2'!$B$3:$C$34,2,FALSE)),IF(ISNA(VLOOKUP(B2,'NÖBV 2'!$F$3:$G$34,2,FALSE))=TRUE,0,VLOOKUP(B2,'NÖBV 2'!$F$3:$G$34,2,FALSE)),IF(ISNA(VLOOKUP(B2,'NÖBV 2'!$J$3:$K$34,2,FALSE))=TRUE,0,VLOOKUP(B2,'NÖBV 2'!$J$3:$K$34,2,FALSE)),IF(ISNA(VLOOKUP(B2,'NÖBV 2'!$N$3:$O$34,2,FALSE))=TRUE,0,VLOOKUP(B2,'NÖBV 2'!$N$3:$O$34,2,FALSE))) -> 0 | N2: =MAX(IF(ISNA(VLOOKUP(B2,'NÖBV 3'!$B$3:$C$34,2,FALSE))=TRUE,0,VLOOKUP(B2,'NÖBV 3'!$B$3:$C$34,2,FALSE)),IF(ISNA(VLOOKUP(B2,'NÖBV 3'!$F$3:$G$34,2,FALSE))=TRUE,0,VLOOKUP(B2,'NÖBV 3'!$F$3:$G$34,2,FALSE)),IF(ISNA(VLOOKUP(B2,'NÖBV 3'!$J$3:$K$34,2,FALSE))=TRUE,0,VLOOKUP(B2,'NÖBV 3'!$J$3:$K$34,2,FALSE)),IF(ISNA(VLOOKUP(B2,'NÖBV 3'!$N$3:$O$34,2,FALSE))=TRUE,0,VLOOKUP(B2,'NÖBV 3'!$N$3:$O$34,2,FALSE))) -> 0 | O2: =MAX(IF(ISNA(VLOOKUP(B2,'Regioturnier 1'!$B$3:$C$34,2,FALSE))=TRUE,0,VLOOKUP(B2,'Regioturnier 1'!$B$3:$C$34,2,FALSE)),IF(ISNA(VLOOKUP(B2,'Regioturnier 1'!$F$3:$G$34,2,FALSE))=TRUE,0,VLOOKUP(B2,'Regioturnier 1'!$F$3:$G$34,2,FALSE)),IF(ISNA(VLOOKUP(B2,'Regioturnier 1'!$J$3:$K$34,2,FALSE))=TRUE,0,VLOOKUP(B2,'Regioturnier 1'!$J$3:$K$34,2,FALSE)),IF(ISNA(VLOOKUP(B2,'Regioturnier 1'!$N$3:$O$34,2,FALSE))=TRUE,0,VLOOKUP(B2,'Regioturnier 1'!$N$3:$O$34,2,FALSE)),IF(ISNA(VLOOKUP(B2,'Regioturnier 1'!$R$3:$S$34,2,FALSE))=TRUE,0,VLOOKUP(B2,'Regioturnier 1'!$R$3:$S$34,2,FALSE)), IF(ISNA(VLOOKUP(B2,'Regioturnier 1'!$V$3:$W$34,2,FALSE))=TRUE,0,VLOOKUP(B2,'Regioturnier 1'!$V$3:$W$34,2,FALSE)), IF(ISNA(VLOOKUP(B2,'Regioturnier 1'!$Z$3:$AA$34,2,FALSE))=TRUE,0,VLOOKUP(B2,'Regioturnier 1'!$Z$3:$AA$34,2,FALSE))) -> 216 | P2: =MAX(IF(ISNA(VLOOKUP(B2,'Regioturnier 2'!$B$3:$C$34,2,FALSE))=TRUE,0,VLOOKUP(B2,'Regioturnier 2'!$B$3:$C$34,2,FALSE)),IF(ISNA(VLOOKUP(B2,'Regioturnier 2'!$F$3:$G$34,2,FALSE))=TRUE,0,VLOOKUP(B2,'Regioturnier 2'!$F$3:$G$34,2,FALSE)),IF(ISNA(VLOOKUP(B2,'Regioturnier 2'!$J$3:$K$34,2,FALSE))=TRUE,0,VLOOKUP(B2,'Regioturnier 2'!$J$3:$K$34,2,FALSE)),IF(ISNA(VLOOKUP(B2,'Regioturnier 2'!$N$3:$O$34,2,FALSE))=TRUE,0,VLOOKUP(B2,'Regioturnier 2'!$N$3:$O$34,2,FALSE)),IF(ISNA(VLOOKUP(B2,'Regioturnier 2'!$R$3:$S$34,2,FALSE))=TRUE,0,VLOOKUP(B2,'Regioturnier 2'!$R$3:$S$34,2,FALSE)), IF(ISNA(VLOOKUP(B2,'Regioturnier 2'!$V$3:$W$34,2,FALSE))=TRUE,0,VLOOKUP(B2,'Regioturnier 2'!$V$3:$W$34,2,FALSE)), IF(ISNA(VLOOKUP(B2,'Regioturnier 2'!$Z$3:$AA$34,2,FALSE))=TRUE,0,VLOOKUP(B2,'Regioturnier 2'!$Z$3:$AA$34,2,FALSE))) -> 220 | Q2: =MAX(IF(ISNA(VLOOKUP(B2,'Regioturnier 3'!$B$3:$C$34,2,FALSE))=TRUE,0,VLOOKUP(B2,'Regioturnier 3'!$B$3:$C$34,2,FALSE)),IF(ISNA(VLOOKUP(B2,'Regioturnier 3'!$F$3:$G$34,2,FALSE))=TRUE,0,VLOOKUP(B2,'Regioturnier 3'!$F$3:$G$34,2,FALSE)),IF(ISNA(VLOOKUP(B2,'Regioturnier 3'!$J$3:$K$34,2,FALSE))=TRUE,0,VLOOKUP(B2,'Regioturnier 3'!$J$3:$K$34,2,FALSE)),IF(ISNA(VLOOKUP(B2,'Regioturnier 3'!$N$3:$O$34,2,FALSE))=TRUE,0,VLOOKUP(B2,'Regioturnier 3'!$N$3:$O$34,2,FALSE)),IF(ISNA(VLOOKUP(B2,'Regioturnier 3'!$R$3:$S$34,2,FALSE))=TRUE,0,VLOOKUP(B2,'Regioturnier 3'!$R$3:$S$34,2,FALSE)), IF(ISNA(VLOOKUP(B2,'Regioturnier 3'!$V$3:$W$34,2,FALSE))=TRUE,0,VLOOKUP(B2,'Regioturnier 3'!$V$3:$W$34,2,FALSE)), IF(ISNA(VLOOKUP(B2,'Regioturnier 3'!$Z$3:$AA$34,2,FALSE))=TRUE,0,VLOOKUP(B2,'Regioturnier 3'!$Z$3:$AA$34,2,FALSE))) -> 0 | R2: =0.5*INDEX($H2:$N2,MATCH(LARGE($H2:$N2,1),$H2:$N2,0))+0.3*INDEX($H2:$N2,MATCH(LARGE($H2:$N2,2),$H2:$N2,0))+0.2*INDEX($H2:$N2,MATCH(LARGE($H2:$N2,3),$H2:$N2,0)) -> 0 | S2: =0.6*INDEX(O2:Q2,MATCH(LARGE(O2:Q2,1),O2:Q2,0))+0.4*INDEX(O2:Q2,MATCH(LARGE(O2:Q2,2),O2:Q2,0))+0*INDEX(O2:Q2,MATCH(LARGE(O2:Q2,3),O2:Q2,0)) -> 218.4 | T2: =1*INDEX(R2:S2,MATCH(LARGE(R2:S2,1),R2:S2,0))+0*INDEX(R2:S2,MATCH(LARGE(R2:S2,2),R2:S2,0)) -> 218.4
A3: 2 | B3: Xinjie Chen | C3: WBH WIEN | D3: WBV | E3: M | F3: 111768 | G3: 2011 | H3: =MAX(IF(ISNA(VLOOKUP(B3,'WBV 1'!$B$3:$C$34,2,FALSE))=TRUE,0,VLOOKUP(B3,'WBV 1'!$B$3:$C$34,2,FALSE)),IF(ISNA(VLOOKUP(B3,'WBV 1'!$F$3:$G$34,2,FALSE))=TRUE,0,VLOOKUP(B3,'WBV 1'!$F$3:$G$34,2,FALSE)),IF(ISNA(VLOOKUP(B3,'WBV 1'!$J$3:$K$34,2,FALSE))=TRUE,0,VLOOKUP(B3,'WBV 1'!$J$3:$K$34,2,FALSE)),IF(ISNA(VLOOKUP(B3,'WBV 1'!$N$3:$O$34,2,FALSE))=TRUE,0,VLOOKUP(B3,'WBV 1'!$N$3:$O$34,2,FALSE))) -> 194 | I3: =MAX(IF(ISNA(VLOOKUP(B3,'WBV 2'!$B$3:$C$34,2,FALSE))=TRUE,0,VLOOKUP(B3,'WBV 2'!$B$3:$C$34,2,FALSE)),IF(ISNA(VLOOKUP(B3,'WBV 2'!$F$3:$G$34,2,FALSE))=TRUE,0,VLOOKUP(B3,'WBV 2'!$F$3:$G$34,2,FALSE)),IF(ISNA(VLOOKUP(B3,'WBV 2'!$J$3:$K$34,2,FALSE))=TRUE,0,VLOOKUP(B3,'WBV 2'!$J$3:$K$34,2,FALSE)),IF(ISNA(VLOOKUP(B3,'WBV 2'!$N$3:$O$34,2,FALSE))=TRUE,0,VLOOKUP(B3,'WBV 2'!$N$3:$O$34,2,FALSE))) -> 200 | J3: =MAX(IF(ISNA(VLOOKUP(B3,'WBV 3'!$B$3:$C$34,2,FALSE))=TRUE,0,VLOOKUP(B3,'WBV 3'!$B$3:$C$34,2,FALSE)),IF(ISNA(VLOOKUP(B3,'WBV 3'!$F$3:$G$34,2,FALSE))=TRUE,0,VLOOKUP(B3,'WBV 3'!$F$3:$G$34,2,FALSE)),IF(ISNA(VLOOKUP(B3,'WBV 3'!$J$3:$K$34,2,FALSE))=TRUE,0,VLOOKUP(B3,'WBV 3'!$J$3:$K$34,2,FALSE)),IF(ISNA(VLOOKUP(B3,'WBV 3'!$N$3:$O$34,2,FALSE))=TRUE,0,VLOOKUP(B3,'WBV 3'!$N$3:$O$34,2,FALSE))) -> 0 | K3: =MAX(IF(ISNA(VLOOKUP(B3,'WBV 4'!$B$3:$C$34,2,FALSE))=TRUE,0,VLOOKUP(B3,'WBV 4'!$B$3:$C$34,2,FALSE)),IF(ISNA(VLOOKUP(B3,'WBV 4'!$F$3:$G$34,2,FALSE))=TRUE,0,VLOOKUP(B3,'WBV 4'!$F$3:$G$34,2,FALSE)),IF(ISNA(VLOOKUP(B3,'WBV 4'!$J$3:$K$34,2,FALSE))=TRUE,0,VLOOKUP(B3,'WBV 4'!$J$3:$K$34,2,FALSE)),IF(ISNA(VLOOKUP(B3,'WBV 4'!$N$3:$O$34,2,FALSE))=TRUE,0,VLOOKUP(B3,'WBV 4'!$N$3:$O$34,2,FALSE))) -> 0 | L3: =MAX(IF(ISNA(VLOOKUP(B3,'NÖBV 1'!$B$3:$C$34,2,FALSE))=TRUE,0,VLOOKUP(B3,'NÖBV 1'!$B$3:$C$34,2,FALSE)),IF(ISNA(VLOOKUP(B3,'NÖBV 1'!$F$3:$G$34,2,FALSE))=TRUE,0,VLOOKUP(B3,'NÖBV 1'!$F$3:$G$34,2,FALSE)),IF(ISNA(VLOOKUP(B3,'NÖBV 1'!$J$3:$K$34,2,FALSE))=TRUE,0,VLOOKUP(B3,'NÖBV 1'!$J$3:$K$34,2,FALSE)),IF(ISNA(VLOOKUP(B3,'NÖBV 1'!$N$3:$O$34,2,FALSE))=TRUE,0,VLOOKUP(B3,'NÖBV 1'!$N$3:$O$34,2,FALSE))) -> 0 | M3: =MAX(IF(ISNA(VLOOKUP(B3,'NÖBV 2'!$B$3:$C$34,2,FALSE))=TRUE,0,VLOOKUP(B3,'NÖBV 2'!$B$3:$C$34,2,FALSE)),IF(ISNA(VLOOKUP(B3,'NÖBV 2'!$F$3:$G$34,2,FALSE))=TRUE,0,VLOOKUP(B3,'NÖBV 2'!$F$3:$G$34,2,FALSE)),IF(ISNA(VLOOKUP(B3,'NÖBV 2'!$J$3:$K$34,2,FALSE))=TRUE,0,VLOOKUP(B3,'NÖBV 2'!$J$3:$K$34,2,FALSE)),IF(ISNA(VLOOKUP(B3,'NÖBV 2'!$N$3:$O$34,2,FALSE))=TRUE,0,VLOOKUP(B3,'NÖBV 2'!$N$3:$O$34,2,FALSE))) -> 0 | N3: =MAX(IF(ISNA(VLOOKUP(B3,'NÖBV 3'!$B$3:$C$34,2,FALSE))=TRUE,0,VLOOKUP(B3,'NÖBV 3'!$B$3:$C$34,2,FALSE)),IF(ISNA(VLOOKUP(B3,'NÖBV 3'!$F$3:$G$34,2,FALSE))=TRUE,0,VLOOKUP(B3,'NÖBV 3'!$F$3:$G$34,2,FALSE)),IF(ISNA(VLOOKUP(B3,'NÖBV 3'!$J$3:$K$34,2,FALSE))=TRUE,0,VLOOKUP(B3,'NÖBV 3'!$J$3:$K$34,2,FALSE)),IF(ISNA(VLOOKUP(B3,'NÖBV 3'!$N$3:$O$34,2,FALSE))=TRUE,0,VLOOKUP(B3,'NÖBV 3'!$N$3:$O$34,2,FALSE))) -> 0 | O3: =MAX(IF(ISNA(VLOOKUP(B3,'Regioturnier 1'!$B$3:$C$34,2,FALSE))=TRUE,0,VLOOKUP(B3,'Regioturnier 1'!$B$3:$C$34,2,FALSE)),IF(ISNA(VLOOKUP(B3,'Regioturnier 1'!$F$3:$G$34,2,FALSE))=TRUE,0,VLOOKUP(B3,'Regioturnier 1'!$F$3:$G$34,2,FALSE)),IF(ISNA(VLOOKUP(B3,'Regioturnier 1'!$J$3:$K$34,2,FALSE))=TRUE,0,VLOOKUP(B3,'Regioturnier 1'!$J$3:$K$34,2,FALSE)),IF(ISNA(VLOOKUP(B3,'Regioturnier 1'!$N$3:$O$34,2,FALSE))=TRUE,0,VLOOKUP(B3,'Regioturnier 1'!$N$3:$O$34,2,FALSE)),IF(ISNA(VLOOKUP(B3,'Regioturnier 1'!$R$3:$S$34,2,FALSE))=TRUE,0,VLOOKUP(B3,'Regioturnier 1'!$R$3:$S$34,2,FALSE)), IF(ISNA(VLOOKUP(B3,'Regioturnier 1'!$V$3:$W$34,2,FALSE))=TRUE,0,VLOOKUP(B3,'Regioturnier 1'!$V$3:$W$34,2,FALSE)), IF(ISNA(VLOOKUP(B3,'Regioturnier 1'!$Z$3:$AA$34,2,FALSE))=TRUE,0,VLOOKUP(B3,'Regioturnier 1'!$Z$3:$AA$34,2,FALSE))) -> 212 | P3: =MAX(IF(ISNA(VLOOKUP(B3,'Regioturnier 2'!$B$3:$C$34,2,FALSE))=TRUE,0,VLOOKUP(B3,'Regioturnier 2'!$B$3:$C$34,2,FALSE)),IF(ISNA(VLOOKUP(B3,'Regioturnier 2'!$F$3:$G$34,2,FALSE))=TRUE,0,VLOOKUP(B3,'Regioturnier 2'!$F$3:$G$34,2,FALSE)),IF(ISNA(VLOOKUP(B3,'Regioturnier 2'!$J$3:$K$34,2,FALSE))=TRUE,0,VLOOKUP(B3,'Regioturnier 2'!$J$3:$K$34,2,FALSE)),IF(ISNA(VLOOKUP(B3,'Regioturnier 2'!$N$3:$O$34,2,FALSE))=TRUE,0,VLOOKUP(B3,'Regioturnier 2'!$N$3:$O$34,2,FALSE)),IF(ISNA(VLOOKUP(B3,'Regioturnier 2'!$R$3:$S$34,2,FALSE))=TRUE,0,VLOOKUP(B3,'Regioturnier 2'!$R$3:$S$34,2,FALSE)), IF(ISNA(VLOOKUP(B3,'Regioturnier 2'!$V$3:$W$34,2,FALSE))=TRUE,0,VLOOKUP(B3,'Regioturnier 2'!$V$3:$W$34,2,FALSE)), IF(ISNA(VLOOKUP(B3,'Regioturnier 2'!$Z$3:$AA$34,2,FALSE))=TRUE,0,VLOOKUP(B3,'Regioturnier 2'!$Z$3:$AA$34,2,FALSE))) -> 216 | Q3: =MAX(IF(ISNA(VLOOKUP(B3,'Regioturnier 3'!$B$3:$C$34,2,FALSE))=TRUE,0,VLOOKUP(B3,'Regioturnier 3'!$B$3:$C$34,2,FALSE)),IF(ISNA(VLOOKUP(B3,'Regioturnier 3'!$F$3:$G$34,2,FALSE))=TRUE,0,VLOOKUP(B3,'Regioturnier 3'!$F$3:$G$34,2,FALSE)),IF(ISNA(VLOOKUP(B3,'Regioturnier 3'!$J$3:$K$34,2,FALSE))=TRUE,0,VLOOKUP(B3,'Regioturnier 3'!$J$3:$K$34,2,FALSE)),IF(ISNA(VLOOKUP(B3,'Regioturnier 3'!$N$3:$O$34,2,FALSE))=TRUE,0,VLOOKUP(B3,'Regioturnier 3'!$N$3:$O$34,2,FALSE)),IF(ISNA(VLOOKUP(B3,'Regioturnier 3'!$R$3:$S$34,2,FALSE))=TRUE,0,VLOOKUP(B3,'Regioturnier 3'!$R$3:$S$34,2,FALSE)), IF(ISNA(VLOOKUP(B3,'Regioturnier 3'!$V$3:$W$34,2,FALSE))=TRUE,0,VLOOKUP(B3,'Regioturnier 3'!$V$3:$W$34,2,FALSE)), IF(ISNA(VLOOKUP(B3,'Regioturnier 3'!$Z$3:$AA$34,2,FALSE))=TRUE,0,VLOOKUP(B3,'Regioturnier 3'!$Z$3:$AA$34,2,FALSE))) -> 0 | R3: =0.5*INDEX($H3:$N3,MATCH(LARGE($H3:$N3,1),$H3:$N3,0))+0.3*INDEX($H3:$N3,MATCH(LARGE($H3:$N3,2),$H3:$N3,0))+0.2*INDEX($H3:$N3,MATCH(LARGE($H3:$N3,3),$H3:$N3,0)) -> 158.2 | S3: =0.6*INDEX(O3:Q3,MATCH(LARGE(O3:Q3,1),O3:Q3,0))+0.4*INDEX(O3:Q3,MATCH(LARGE(O3:Q3,2),O3:Q3,0))+0*INDEX(O3:Q3,MATCH(LARGE(O3:Q3,3),O3:Q3,0)) -> 214.4 | T3: =1*INDEX(R3:S3,MATCH(LARGE(R3:S3,1),R3:S3,0))+0*INDEX(R3:S3,MATCH(LARGE(R3:S3,2),R3:S3,0)) -> 214.4
A4: 3 | B4: Leon Lu | C4: VRC | D4: WBV | E4: M | F4: 109049 | G4: 2010 | H4: =MAX(IF(ISNA(VLOOKUP(B4,'WBV 1'!$B$3:$C$34,2,FALSE))=TRUE,0,VLOOKUP(B4,'WBV 1'!$B$3:$C$34,2,FALSE)),IF(ISNA(VLOOKUP(B4,'WBV 1'!$F$3:$G$34,2,FALSE))=TRUE,0,VLOOKUP(B4,'WBV 1'!$F$3:$G$34,2,FALSE)),IF(ISNA(VLOOKUP(B4,'WBV 1'!$J$3:$K$34,2,FALSE))=TRUE,0,VLOOKUP(B4,'WBV 1'!$J$3:$K$34,2,FALSE)),IF(ISNA(VLOOKUP(B4,'WBV 1'!$N$3:$O$34,2,FALSE))=TRUE,0,VLOOKUP(B4,'WBV 1'!$N$3:$O$34,2,FALSE))) -> 0 | I4: =MAX(IF(ISNA(VLOOKUP(B4,'WBV 2'!$B$3:$C$34,2,FALSE))=TRUE,0,VLOOKUP(B4,'WBV 2'!$B$3:$C$34,2,FALSE)),IF(ISNA(VLOOKUP(B4,'WBV 2'!$F$3:$G$34,2,FALSE))=TRUE,0,VLOOKUP(B4,'WBV 2'!$F$3:$G$34,2,FALSE)),IF(ISNA(VLOOKUP(B4,'WBV 2'!$J$3:$K$34,2,FALSE))=TRUE,0,VLOOKUP(B4,'WBV 2'!$J$3:$K$34,2,FALSE)),IF(ISNA(VLOOKUP(B4,'WBV 2'!$N$3:$O$34,2,FALSE))=TRUE,0,VLOOKUP(B4,'WBV 2'!$N$3:$O$34,2,FALSE))) -> 0 | J4: =MAX(IF(ISNA(VLOOKUP(B4,'WBV 3'!$B$3:$C$34,2,FALSE))=TRUE,0,VLOOKUP(B4,'WBV 3'!$B$3:$C$34,2,FALSE)),IF(ISNA(VLOOKUP(B4,'WBV 3'!$F$3:$G$34,2,FALSE))=TRUE,0,VLOOKUP(B4,'WBV 3'!$F$3:$G$34,2,FALSE)),IF(ISNA(VLOOKUP(B4,'WBV 3'!$J$3:$K$34,2,FALSE))=TRUE,0,VLOOKUP(B4,'WBV 3'!$J$3:$K$34,2,FALSE)),IF(ISNA(VLOOKUP(B4,'WBV 3'!$N$3:$O$34,2,FALSE))=TRUE,0,VLOOKUP(B4,'WBV 3'!$N$3:$O$34,2,FALSE))) -> 0 | K4: =MAX(IF(ISNA(VLOOKUP(B4,'WBV 4'!$B$3:$C$34,2,FALSE))=TRUE,0,VLOOKUP(B4,'WBV 4'!$B$3:$C$34,2,FALSE)),IF(ISNA(VLOOKUP(B4,'WBV 4'!$F$3:$G$34,2,FALSE))=TRUE,0,VLOOKUP(B4,'WBV 4'!$F$3:$G$34,2,FALSE)),IF(ISNA(VLOOKUP(B4,'WBV 4'!$J$3:$K$34,2,FALSE))=TRUE,0,VLOOKUP(B4,'WBV 4'!$J$3:$K$34,2,FALSE)),IF(ISNA(VLOOKUP(B4,'WBV 4'!$N$3:$O$34,2,FALSE))=TRUE,0,VLOOKUP(B4,'WBV 4'!$N$3:$O$34,2,FALSE))) -> 0 | L4: =MAX(IF(ISNA(VLOOKUP(B4,'NÖBV 1'!$B$3:$C$34,2,FALSE))=TRUE,0,VLOOKUP(B4,'NÖBV 1'!$B$3:$C$34,2,FALSE)),IF(ISNA(VLOOKUP(B4,'NÖBV 1'!$F$3:$G$34,2,FALSE))=TRUE,0,VLOOKUP(B4,'NÖBV 1'!$F$3:$G$34,2,FALSE)),IF(ISNA(VLOOKUP(B4,'NÖBV 1'!$J$3:$K$34,2,FALSE))=TRUE,0,VLOOKUP(B4,'NÖBV 1'!$J$3:$K$34,2,FALSE)),IF(ISNA(VLOOKUP(B4,'NÖBV 1'!$N$3:$O$34,2,FALSE))=TRUE,0,VLOOKUP(B4,'NÖBV 1'!$N$3:$O$34,2,FALSE))) -> 0 | M4: =MAX(IF(ISNA(VLOOKUP(B4,'NÖBV 2'!$B$3:$C$34,2,FALSE))=TRUE,0,VLOOKUP(B4,'NÖBV 2'!$B$3:$C$34,2,FALSE)),IF(ISNA(VLOOKUP(B4,'NÖBV 2'!$F$3:$G$34,2,FALSE))=TRUE,0,VLOOKUP(B4,'NÖBV 2'!$F$3:$G$34,2,FALSE)),IF(ISNA(VLOOKUP(B4,'NÖBV 2'!$J$3:$K$34,2,FALSE))=TRUE,0,VLOOKUP(B4,'NÖBV 2'!$J$3:$K$34,2,FALSE)),IF(ISNA(VLOOKUP(B4,'NÖBV 2'!$N$3:$O$34,2,FALSE))=TRUE,0,VLOOKUP(B4,'NÖBV 2'!$N$3:$O$34,2,FALSE))) -> 0 | N4: =MAX(IF(ISNA(VLOOKUP(B4,'NÖBV 3'!$B$3:$C$34,2,FALSE))=TRUE,0,VLOOKUP(B4,'NÖBV 3'!$B$3:$C$34,2,FALSE)),IF(ISNA(VLOOKUP(B4,'NÖBV 3'!$F$3:$G$34,2,FALSE))=TRUE,0,VLOOKUP(B4,'NÖBV 3'!$F$3:$G$34,2,FALSE)),IF(ISNA(VLOOKUP(B4,'NÖBV 3'!$J$3:$K$34,2,FALSE))=TRUE,0,VLOOKUP(B4,'NÖBV 3'!$J$3:$K$34,2,FALSE)),IF(ISNA(VLOOKUP(B4,'NÖBV 3'!$N$3:$O$34,2,FALSE))=TRUE,0,VLOOKUP(B4,'NÖBV 3'!$N$3:$O$34,2,FALSE))) -> 0 | O4: =MAX(IF(ISNA(VLOOKUP(B4,'Regioturnier 1'!$B$3:$C$34,2,FALSE))=TRUE,0,VLOOKUP(B4,'Regioturnier 1'!$B$3:$C$34,2,FALSE)),IF(ISNA(VLOOKUP(B4,'Regioturnier 1'!$F$3:$G$34,2,FALSE))=TRUE,0,VLOOKUP(B4,'Regioturnier 1'!$F$3:$G$34,2,FALSE)),IF(ISNA(VLOOKUP(B4,'Regioturnier 1'!$J$3:$K$34,2,FALSE))=TRUE,0,VLOOKUP(B4,'Regioturnier 1'!$J$3:$K$34,2,FALSE)),IF(ISNA(VLOOKUP(B4,'Regioturnier 1'!$N$3:$O$34,2,FALSE))=TRUE,0,VLOOKUP(B4,'Regioturnier 1'!$N$3:$O$34,2,FALSE)),IF(ISNA(VLOOKUP(B4,'Regioturnier 1'!$R$3:$S$34,2,FALSE))=TRUE,0,VLOOKUP(B4,'Regioturnier 1'!$R$3:$S$34,2,FALSE)), IF(ISNA(VLOOKUP(B4,'Regioturnier 1'!$V$3:$W$34,2,FALSE))=TRUE,0,VLOOKUP(B4,'Regioturnier 1'!$V$3:$W$34,2,FALSE)), IF(ISNA(VLOOKUP(B4,'Regioturnier 1'!$Z$3:$AA$34,2,FALSE))=TRUE,0,VLOOKUP(B4,'Regioturnier 1'!$Z$3:$AA$34,2,FALSE))) -> 214 | P4: =MAX(IF(ISNA(VLOOKUP(B4,'Regioturnier 2'!$B$3:$C$34,2,FALSE))=TRUE,0,VLOOKUP(B4,'Regioturnier 2'!$B$3:$C$34,2,FALSE)),IF(ISNA(VLOOKUP(B4,'Regioturnier 2'!$F$3:$G$34,2,FALSE))=TRUE,0,VLOOKUP(B4,'Regioturnier 2'!$F$3:$G$34,2,FALSE)),IF(ISNA(VLOOKUP(B4,'Regioturnier 2'!$J$3:$K$34,2,FALSE))=TRUE,0,VLOOKUP(B4,'Regioturnier 2'!$J$3:$K$34,2,FALSE)),IF(ISNA(VLOOKUP(B4,'Regioturnier 2'!$N$3:$O$34,2,FALSE))=TRUE,0,VLOOKUP(B4,'Regioturnier 2'!$N$3:$O$34,2,FALSE)),IF(ISNA(VLOOKUP(B4,'Regioturnier 2'!$R$3:$S$34,2,FALSE))=TRUE,0,VLOOKUP(B4,'Regioturnier 2'!$R$3:$S$34,2,FALSE)), IF(ISNA(VLOOKUP(B4,'Regioturnier 2'!$V$3:$W$34,2,FALSE))=TRUE,0,VLOOKUP(B4,'Regioturnier 2'!$V$3:$W$34,2,FALSE)), IF(ISNA(VLOOKUP(B4,'Regioturnier 2'!$Z$3:$AA$34,2,FALSE))=TRUE,0,VLOOKUP(B4,'Regioturnier 2'!$Z$3:$AA$34,2,FALSE))) -> 212 | Q4: =MAX(IF(ISNA(VLOOKUP(B4,'Regioturnier 3'!$B$3:$C$34,2,FALSE))=TRUE,0,VLOOKUP(B4,'Regioturnier 3'!$B$3:$C$34,2,FALSE)),IF(ISNA(VLOOKUP(B4,'Regioturnier 3'!$F$3:$G$34,2,FALSE))=TRUE,0,VLOOKUP(B4,'Regioturnier 3'!$F$3:$G$34,2,FALSE)),IF(ISNA(VLOOKUP(B4,'Regioturnier 3'!$J$3:$K$34,2,FALSE))=TRUE,0,VLOOKUP(B4,'Regioturnier 3'!$J$3:$K$34,2,FALSE)),IF(ISNA(VLOOKUP(B4,'Regioturnier 3'!$N$3:$O$34,2,FALSE))=TRUE,0,VLOOKUP(B4,'Regioturnier 3'!$N$3:$O$34,2,FALSE)),IF(ISNA(VLOOKUP(B4,'Regioturnier 3'!$R$3:$S$34,2,FALSE))=TRUE,0,VLOOKUP(B4,'Regioturnier 3'!$R$3:$S$34,2,FALSE)), IF(ISNA(VLOOKUP(B4,'Regioturnier 3'!$V$3:$W$34,2,FALSE))=TRUE,0,VLOOKUP(B4,'Regioturnier 3'!$V$3:$W$34,2,FALSE)), IF(ISNA(VLOOKUP(B4,'Regioturnier 3'!$Z$3:$AA$34,2,FALSE))=TRUE,0,VLOOKUP(B4,'Regioturnier 3'!$Z$3:$AA$34,2,FALSE))) -> 0 | R4: =0.5*INDEX($H4:$N4,MATCH(LARGE($H4:$N4,1),$H4:$N4,0))+0.3*INDEX($H4:$N4,MATCH(LARGE($H4:$N4,2),$H4:$N4,0))+0.2*INDEX($H4:$N4,MATCH(LARGE($H4:$N4,3),$H4:$N4,0)) -> 0 | S4: =0.6*INDEX(O4:Q4,MATCH(LARGE(O4:Q4,1),O4:Q4,0))+0.4*INDEX(O4:Q4,MATCH(LARGE(O4:Q4,2),O4:Q4,0))+0*INDEX(O4:Q4,MATCH(LARGE(O4:Q4,3),O4:Q4,0)) -> 213.2 | T4: =1*INDEX(R4:S4,MATCH(LARGE(R4:S4,1),R4:S4,0))+0*INDEX(R4:S4,MATCH(LARGE(R4:S4,2),R4:S4,0)) -> 213.2
A5: 4 | B5: Sebastian Dollinger | C5: WBH WIEN | D5: WBV | E5: M | F5: 111767 | G5: 2012 | H5: =MAX(IF(ISNA(VLOOKUP(B5,'WBV 1'!$B$3:$C$34,2,FALSE))=TRUE,0,VLOOKUP(B5,'WBV 1'!$B$3:$C$34,2,FALSE)),IF(ISNA(VLOOKUP(B5,'WBV 1'!$F$3:$G$34,2,FALSE))=TRUE,0,VLOOKUP(B5,'WBV 1'!$F$3:$G$34,2,FALSE)),IF(ISNA(VLOOKUP(B5,'WBV 1'!$J$3:$K$34,2,FALSE))=TRUE,0,VLOOKUP(B5,'WBV 1'!$J$3:$K$34,2,FALSE)),IF(ISNA(VLOOKUP(B5,'WBV 1'!$N$3:$O$34,2,FALSE))=TRUE,0,VLOOKUP(B5,'WBV 1'!$N$3:$O$34,2,FALSE))) -> 191 | I5: =MAX(IF(ISNA(VLOOKUP(B5,'WBV 2'!$B$3:$C$34,2,FALSE))=TRUE,0,VLOOKUP(B5,'WBV 2'!$B$3:$C$34,2,FALSE)),IF(ISNA(VLOOKUP(B5,'WBV 2'!$F$3:$G$34,2,FALSE))=TRUE,0,VLOOKUP(B5,'WBV 2'!$F$3:$G$34,2,FALSE)),IF(ISNA(VLOOKUP(B5,'WBV 2'!$J$3:$K$34,2,FALSE))=TRUE,0,VLOOKUP(B5,'WBV 2'!$J$3:$K$34,2,FALSE)),IF(ISNA(VLOOKUP(B5,'WBV 2'!$N$3:$O$34,2,FALSE))=TRUE,0,VLOOKUP(B5,'WBV 2'!$N$3:$O$34,2,FALSE))) -> 198 | J5: =MAX(IF(ISNA(VLOOKUP(B5,'WBV 3'!$B$3:$C$34,2,FALSE))=TRUE,0,VLOOKUP(B5,'WBV 3'!$B$3:$C$34,2,FALSE)),IF(ISNA(VLOOKUP(B5,'WBV 3'!$F$3:$G$34,2,FALSE))=TRUE,0,VLOOKUP(B5,'WBV 3'!$F$3:$G$34,2,FALSE)),IF(ISNA(VLOOKUP(B5,'WBV 3'!$J$3:$K$34,2,FALSE))=TRUE,0,VLOOKUP(B5,'WBV 3'!$J$3:$K$34,2,FALSE)),IF(ISNA(VLOOKUP(B5,'WBV 3'!$N$3:$O$34,2,FALSE))=TRUE,0,VLOOKUP(B5,'WBV 3'!$N$3:$O$34,2,FALSE))) -> 200 | K5: =MAX(IF(ISNA(VLOOKUP(B5,'WBV 4'!$B$3:$C$34,2,FALSE))=TRUE,0,VLOOKUP(B5,'WBV 4'!$B$3:$C$34,2,FALSE)),IF(ISNA(VLOOKUP(B5,'WBV 4'!$F$3:$G$34,2,FALSE))=TRUE,0,VLOOKUP(B5,'WBV 4'!$F$3:$G$34,2,FALSE)),IF(ISNA(VLOOKUP(B5,'WBV 4'!$J$3:$K$34,2,FALSE))=TRUE,0,VLOOKUP(B5,'WBV 4'!$J$3:$K$34,2,FALSE)),IF(ISNA(VLOOKUP(B5,'WBV 4'!$N$3:$O$34,2,FALSE))=TRUE,0,VLOOKUP(B5,'WBV 4'!$N$3:$O$34,2,FALSE))) -> 0 | L5: =MAX(IF(ISNA(VLOOKUP(B5,'NÖBV 1'!$B$3:$C$34,2,FALSE))=TRUE,0,VLOOKUP(B5,'NÖBV 1'!$B$3:$C$34,2,FALSE)),IF(ISNA(VLOOKUP(B5,'NÖBV 1'!$F$3:$G$34,2,FALSE))=TRUE,0,VLOOKUP(B5,'NÖBV 1'!$F$3:$G$34,2,FALSE)),IF(ISNA(VLOOKUP(B5,'NÖBV 1'!$J$3:$K$34,2,FALSE))=TRUE,0,VLOOKUP(B5,'NÖBV 1'!$J$3:$K$34,2,FALSE)),IF(ISNA(VLOOKUP(B5,'NÖBV 1'!$N$3:$O$34,2,FALSE))=TRUE,0,VLOOKUP(B5,'NÖBV 1'!$N$3:$O$34,2,FALSE))) -> 0 | M5: =MAX(IF(ISNA(VLOOKUP(B5,'NÖBV 2'!$B$3:$C$34,2,FALSE))=TRUE,0,VLOOKUP(B5,'NÖBV 2'!$B$3:$C$34,2,FALSE)),IF(ISNA(VLOOKUP(B5,'NÖBV 2'!$F$3:$G$34,2,FALSE))=TRUE,0,VLOOKUP(B5,'NÖBV 2'!$F$3:$G$34,2,FALSE)),IF(ISNA(VLOOKUP(B5,'NÖBV 2'!$J$3:$K$34,2,FALSE))=TRUE,0,VLOOKUP(B5,'NÖBV 2'!$J$3:$K$34,2,FALSE)),IF(ISNA(VLOOKUP(B5,'NÖBV 2'!$N$3:$O$34,2,FALSE))=TRUE,0,VLOOKUP(B5,'NÖBV 2'!$N$3:$O$34,2,FALSE))) -> 0 | N5: =MAX(IF(ISNA(VLOOKUP(B5,'NÖBV 3'!$B$3:$C$34,2,FALSE))=TRUE,0,VLOOKUP(B5,'NÖBV 3'!$B$3:$C$34,2,FALSE)),IF(ISNA(VLOOKUP(B5,'NÖBV 3'!$F$3:$G$34,2,FALSE))=TRUE,0,VLOOKUP(B5,'NÖBV 3'!$F$3:$G$34,2,FALSE)),IF(ISNA(VLOOKUP(B5,'NÖBV 3'!$J$3:$K$34,2,FALSE))=TRUE,0,VLOOKUP(B5,'NÖBV 3'!$J$3:$K$34,2,FALSE)),IF(ISNA(VLOOKUP(B5,'NÖBV 3'!$N$3:$O$34,2,FALSE))=TRUE,0,VLOOKUP(B5,'NÖBV 3'!$N$3:$O$34,2,FALSE))) -> 0 | O5: =MAX(IF(ISNA(VLOOKUP(B5,'Regioturnier 1'!$B$3:$C$34,2,FALSE))=TRUE,0,VLOOKUP(B5,'Regioturnier 1'!$B$3:$C$34,2,FALSE)),IF(ISNA(VLOOKUP(B5,'Regioturnier 1'!$F$3:$G$34,2,FALSE))=TRUE,0,VLOOKUP(B5,'Regioturnier 1'!$F$3:$G$34,2,FALSE)),IF(ISNA(VLOOKUP(B5,'Regioturnier 1'!$J$3:$K$34,2,FALSE))=TRUE,0,VLOOKUP(B5,'Regioturnier 1'!$J$3:$K$34,2,FALSE)),IF(ISNA(VLOOKUP(B5,'Regioturnier 1'!$N$3:$O$34,2,FALSE))=TRUE,0,VLOOKUP(B5,'Regioturnier 1'!$N$3:$O$34,2,FALSE)),IF(ISNA(VLOOKUP(B5,'Regioturnier 1'!$R$3:$S$34,2,FALSE))=TRUE,0,VLOOKUP(B5,'Regioturnier 1'!$R$3:$S$34,2,FALSE)), IF(ISNA(VLOOKUP(B5,'Regioturnier 1'!$V$3:$W$34,2,FALSE))=TRUE,0,VLOOKUP(B5,'Regioturnier 1'!$V$3:$W$34,2,FALSE)), IF(ISNA(VLOOKUP(B5,'Regioturnier 1'!$Z$3:$AA$34,2,FALSE))=TRUE,0,VLOOKUP(B5,'Regioturnier 1'!$Z$3:$AA$34,2,FALSE))) -> 210 | P5: =MAX(IF(ISNA(VLOOKUP(B5,'Regioturnier 2'!$B$3:$C$34,2,FALSE))=TRUE,0,VLOOKUP(B5,'Regioturnier 2'!$B$3:$C$34,2,FALSE)),IF(ISNA(VLOOKUP(B5,'Regioturnier 2'!$F$3:$G$34,2,FALSE))=TRUE,0,VLOOKUP(B5,'Regioturnier 2'!$F$3:$G$34,2,FALSE)),IF(ISNA(VLOOKUP(B5,'Regioturnier 2'!$J$3:$K$34,2,FALSE))=TRUE,0,VLOOKUP(B5,'Regioturnier 2'!$J$3:$K$34,2,FALSE)),IF(ISNA(VLOOKUP(B5,'Regioturnier 2'!$N$3:$O$34,2,FALSE))=TRUE,0,VLOOKUP(B5,'Regioturnier 2'!$N$3:$O$34,2,FALSE)),IF(ISNA(VLOOKUP(B5,'Regioturnier 2'!$R$3:$S$34,2,FALSE))=TRUE,0,VLOOKUP(B5,'Regioturnier 2'!$R$3:$S$34,2,FALSE)), IF(ISNA(VLOOKUP(B5,'Regioturnier 2'!$V$3:$W$34,2,FALSE))=TRUE,0,VLOOKUP(B5,'Regioturnier 2'!$V$3:$W$34,2,FALSE)), IF(ISNA(VLOOKUP(B5,'Regioturnier 2'!$Z$3:$AA$34,2,FALSE))=TRUE,0,VLOOKUP(B5,'Regioturnier 2'!$Z$3:$AA$34,2,FALSE))) -> 210 | Q5: =MAX(IF(ISNA(VLOOKUP(B5,'Regioturnier 3'!$B$3:$C$34,2,FALSE))=TRUE,0,VLOOKUP(B5,'Regioturnier 3'!$B$3:$C$34,2,FALSE)),IF(ISNA(VLOOKUP(B5,'Regioturnier 3'!$F$3:$G$34,2,FALSE))=TRUE,0,VLOOKUP(B5,'Regioturnier 3'!$F$3:$G$34,2,FALSE)),IF(ISNA(VLOOKUP(B5,'Regioturnier 3'!$J$3:$K$34,2,FALSE))=TRUE,0,VLOOKUP(B5,'Regioturnier 3'!$J$3:$K$34,2,FALSE)),IF(ISNA(VLOOKUP(B5,'Regioturnier 3'!$N$3:$O$34,2,FALSE))=TRUE,0,VLOOKUP(B5,'Regioturnier 3'!$N$3:$O$34,2,FALSE)),IF(ISNA(VLOOKUP(B5,'Regioturnier 3'!$R$3:$S$34,2,FALSE))=TRUE,0,VLOOKUP(B5,'Regioturnier 3'!$R$3:$S$34,2,FALSE)), IF(ISNA(VLOOKUP(B5,'Regioturnier 3'!$V$3:$W$34,2,FALSE))=TRUE,0,VLOOKUP(B5,'Regioturnier 3'!$V$3:$W$34,2,FALSE)), IF(ISNA(VLOOKUP(B5,'Regioturnier 3'!$Z$3:$AA$34,2,FALSE))=TRUE,0,VLOOKUP(B5,'Regioturnier 3'!$Z$3:$AA$34,2,FALSE))) -> 0 | R5: =0.5*INDEX($H5:$N5,MATCH(LARGE($H5:$N5,1),$H5:$N5,0))+0.3*INDEX($H5:$N5,MATCH(LARGE($H5:$N5,2),$H5:$N5,0))+0.2*INDEX($H5:$N5,MATCH(LARGE($H5:$N5,3),$H5:$N5,0)) -> 197.6 | S5: =0.6*INDEX(O5:Q5,MATCH(LARGE(O5:Q5,1),O5:Q5,0))+0.4*INDEX(O5:Q5,MATCH(LARGE(O5:Q5,2),O5:Q5,0))+0*INDEX(O5:Q5,MATCH(LARGE(O5:Q5,3),O5:Q5,0)) -> 210 | T5: =1*INDEX(R5:S5,MATCH(LARGE(R5:S5,1),R5:S5,0))+0*INDEX(R5:S5,MATCH(LARGE(R5:S5,2),R5:S5,0)) -> 210
A6: 5 | B6: Wenzel Tiapal | C6: ASV Pressbaum | D6: NÖBV | E6: M | F6: 207093 | G6: 2012 | H6: =MAX(IF(ISNA(VLOOKUP(B6,'WBV 1'!$B$3:$C$34,2,FALSE))=TRUE,0,VLOOKUP(B6,'WBV 1'!$B$3:$C$34,2,FALSE)),IF(ISNA(VLOOKUP(B6,'WBV 1'!$F$3:$G$34,2,FALSE))=TRUE,0,VLOOKUP(B6,'WBV 1'!$F$3:$G$34,2,FALSE)),IF(ISNA(VLOOKUP(B6,'WBV 1'!$J$3:$K$34,2,FALSE))=TRUE,0,VLOOKUP(B6,'WBV 1'!$J$3:$K$34,2,FALSE)),IF(ISNA(VLOOKUP(B6,'WBV 1'!$N$3:$O$34,2,FALSE))=TRUE,0,VLOOKUP(B6,'WBV 1'!$N$3:$O$34,2,FALSE))) -> 0 | I6: =MAX(IF(ISNA(VLOOKUP(B6,'WBV 2'!$B$3:$C$34,2,FALSE))=TRUE,0,VLOOKUP(B6,'WBV 2'!$B$3:$C$34,2,FALSE)),IF(ISNA(VLOOKUP(B6,'WBV 2'!$F$3:$G$34,2,FALSE))=TRUE,0,VLOOKUP(B6,'WBV 2'!$F$3:$G$34,2,FALSE)),IF(ISNA(VLOOKUP(B6,'WBV 2'!$J$3:$K$34,2,FALSE))=TRUE,0,VLOOKUP(B6,'WBV 2'!$J$3:$K$34,2,FALSE)),IF(ISNA(VLOOKUP(B6,'WBV 2'!$N$3:$O$34,2,FALSE))=TRUE,0,VLOOKUP(B6,'WBV 2'!$N$3:$O$34,2,FALSE))) -> 0 | J6: =MAX(IF(ISNA(VLOOKUP(B6,'WBV 3'!$B$3:$C$34,2,FALSE))=TRUE,0,VLOOKUP(B6,'WBV 3'!$B$3:$C$34,2,FALSE)),IF(ISNA(VLOOKUP(B6,'WBV 3'!$F$3:$G$34,2,FALSE))=TRUE,0,VLOOKUP(B6,'WBV 3'!$F$3:$G$34,2,FALSE)),IF(ISNA(VLOOKUP(B6,'WBV 3'!$J$3:$K$34,2,FALSE))=TRUE,0,VLOOKUP(B6,'WBV 3'!$J$3:$K$34,2,FALSE)),IF(ISNA(VLOOKUP(B6,'WBV 3'!$N$3:$O$34,2,FALSE))=TRUE,0,VLOOKUP(B6,'WBV 3'!$N$3:$O$34,2,FALSE))) -> 0 | K6: =MAX(IF(ISNA(VLOOKUP(B6,'WBV 4'!$B$3:$C$34,2,FALSE))=TRUE,0,VLOOKUP(B6,'WBV 4'!$B$3:$C$34,2,FALSE)),IF(ISNA(VLOOKUP(B6,'WBV 4'!$F$3:$G$34,2,FALSE))=TRUE,0,VLOOKUP(B6,'WBV 4'!$F$3:$G$34,2,FALSE)),IF(ISNA(VLOOKUP(B6,'WBV 4'!$J$3:$K$34,2,FALSE))=TRUE,0,VLOOKUP(B6,'WBV 4'!$J$3:$K$34,2,FALSE)),IF(ISNA(VLOOKUP(B6,'WBV 4'!$N$3:$O$34,2,FALSE))=TRUE,0,VLOOKUP(B6,'WBV 4'!$N$3:$O$34,2,FALSE))) -> 0 | L6: =MAX(IF(ISNA(VLOOKUP(B6,'NÖBV 1'!$B$3:$C$34,2,FALSE))=TRUE,0,VLOOKUP(B6,'NÖBV 1'!$B$3:$C$34,2,FALSE)),IF(ISNA(VLOOKUP(B6,'NÖBV 1'!$F$3:$G$34,2,FALSE))=TRUE,0,VLOOKUP(B6,'NÖBV 1'!$F$3:$G$34,2,FALSE)),IF(ISNA(VLOOKUP(B6,'NÖBV 1'!$J$3:$K$34,2,FALSE))=TRUE,0,VLOOKUP(B6,'NÖBV 1'!$J$3:$K$34,2,FALSE)),IF(ISNA(VLOOKUP(B6,'NÖBV 1'!$N$3:$O$34,2,FALSE))=TRUE,0,VLOOKUP(B6,'NÖBV 1'!$N$3:$O$34,2,FALSE))) -> 192 | M6: =MAX(IF(ISNA(VLOOKUP(B6,'NÖBV 2'!$B$3:$C$34,2,FALSE))=TRUE,0,VLOOKUP(B6,'NÖBV 2'!$B$3:$C$34,2,FALSE)),IF(ISNA(VLOOKUP(B6,'NÖBV 2'!$F$3:$G$34,2,FALSE))=TRUE,0,VLOOKUP(B6,'NÖBV 2'!$F$3:$G$34,2,FALSE)),IF(ISNA(VLOOKUP(B6,'NÖBV 2'!$J$3:$K$34,2,FALSE))=TRUE,0,VLOOKUP(B6,'NÖBV 2'!$J$3:$K$34,2,FALSE)),IF(ISNA(VLOOKUP(B6,'NÖBV 2'!$N$3:$O$34,2,FALSE))=TRUE,0,VLOOKUP(B6,'NÖBV 2'!$N$3:$O$34,2,FALSE))) -> 198 | N6: =MAX(IF(ISNA(VLOOKUP(B6,'NÖBV 3'!$B$3:$C$34,2,FALSE))=TRUE,0,VLOOKUP(B6,'NÖBV 3'!$B$3:$C$34,2,FALSE)),IF(ISNA(VLOOKUP(B6,'NÖBV 3'!$F$3:$G$34,2,FALSE))=TRUE,0,VLOOKUP(B6,'NÖBV 3'!$F$3:$G$34,2,FALSE)),IF(ISNA(VLOOKUP(B6,'NÖBV 3'!$J$3:$K$34,2,FALSE))=TRUE,0,VLOOKUP(B6,'NÖBV 3'!$J$3:$K$34,2,FALSE)),IF(ISNA(VLOOKUP(B6,'NÖBV 3'!$N$3:$O$34,2,FALSE))=TRUE,0,VLOOKUP(B6,'NÖBV 3'!$N$3:$O$34,2,FALSE))) -> 0 | O6: =MAX(IF(ISNA(VLOOKUP(B6,'Regioturnier 1'!$B$3:$C$34,2,FALSE))=TRUE,0,VLOOKUP(B6,'Regioturnier 1'!$B$3:$C$34,2,FALSE)),IF(ISNA(VLOOKUP(B6,'Regioturnier 1'!$F$3:$G$34,2,FALSE))=TRUE,0,VLOOKUP(B6,'Regioturnier 1'!$F$3:$G$34,2,FALSE)),IF(ISNA(VLOOKUP(B6,'Regioturnier 1'!$J$3:$K$34,2,FALSE))=TRUE,0,VLOOKUP(B6,'Regioturnier 1'!$J$3:$K$34,2,FALSE)),IF(ISNA(VLOOKUP(B6,'Regioturnier 1'!$N$3:$O$34,2,FALSE))=TRUE,0,VLOOKUP(B6,'Regioturnier 1'!$N$3:$O$34,2,FALSE)),IF(ISNA(VLOOKUP(B6,'Regioturnier 1'!$R$3:$S$34,2,FALSE))=TRUE,0,VLOOKUP(B6,'Regioturnier 1'!$R$3:$S$34,2,FALSE)), IF(ISNA(VLOOKUP(B6,'Regioturnier 1'!$V$3:$W$34,2,FALSE))=TRUE,0,VLOOKUP(B6,'Regioturnier 1'!$V$3:$W$34,2,FALSE)), IF(ISNA(VLOOKUP(B6,'Regioturnier 1'!$Z$3:$AA$34,2,FALSE))=TRUE,0,VLOOKUP(B6,'Regioturnier 1'!$Z$3:$AA$34,2,FALSE))) -> 206 | P6: =MAX(IF(ISNA(VLOOKUP(B6,'Regioturnier 2'!$B$3:$C$34,2,FALSE))=TRUE,0,VLOOKUP(B6,'Regioturnier 2'!$B$3:$C$34,2,FALSE)),IF(ISNA(VLOOKUP(B6,'Regioturnier 2'!$F$3:$G$34,2,FALSE))=TRUE,0,VLOOKUP(B6,'Regioturnier 2'!$F$3:$G$34,2,FALSE)),IF(ISNA(VLOOKUP(B6,'Regioturnier 2'!$J$3:$K$34,2,FALSE))=TRUE,0,VLOOKUP(B6,'Regioturnier 2'!$J$3:$K$34,2,FALSE)),IF(ISNA(VLOOKUP(B6,'Regioturnier 2'!$N$3:$O$34,2,FALSE))=TRUE,0,VLOOKUP(B6,'Regioturnier 2'!$N$3:$O$34,2,FALSE)),IF(ISNA(VLOOKUP(B6,'Regioturnier 2'!$R$3:$S$34,2,FALSE))=TRUE,0,VLOOKUP(B6,'Regioturnier 2'!$R$3:$S$34,2,FALSE)), IF(ISNA(VLOOKUP(B6,'Regioturnier 2'!$V$3:$W$34,2,FALSE))=TRUE,0,VLOOKUP(B6,'Regioturnier 2'!$V$3:$W$34,2,FALSE)), IF(ISNA(VLOOKUP(B6,'Regioturnier 2'!$Z$3:$AA$34,2,FALSE))=TRUE,0,VLOOKUP(B6,'Regioturnier 2'!$Z$3:$AA$34,2,FALSE))) -> 208 | Q6: =MAX(IF(ISNA(VLOOKUP(B6,'Regioturnier 3'!$B$3:$C$34,2,FALSE))=TRUE,0,VLOOKUP(B6,'Regioturnier 3'!$B$3:$C$34,2,FALSE)),IF(ISNA(VLOOKUP(B6,'Regioturnier 3'!$F$3:$G$34,2,FALSE))=TRUE,0,VLOOKUP(B6,'Regioturnier 3'!$F$3:$G$34,2,FALSE)),IF(ISNA(VLOOKUP(B6,'Regioturnier 3'!$J$3:$K$34,2,FALSE))=TRUE,0,VLOOKUP(B6,'Regioturnier 3'!$J$3:$K$34,2,FALSE)),IF(ISNA(VLOOKUP(B6,'Regioturnier 3'!$N$3:$O$34,2,FALSE))=TRUE,0,VLOOKUP(B6,'Regioturnier 3'!$N$3:$O$34,2,FALSE)),IF(ISNA(VLOOKUP(B6,'Regioturnier 3'!$R$3:$S$34,2,FALSE))=TRUE,0,VLOOKUP(B6,'Regioturnier 3'!$R$3:$S$34,2,FALSE)), IF(ISNA(VLOOKUP(B6,'Regioturnier 3'!$V$3:$W$34,2,FALSE))=TRUE,0,VLOOKUP(B6,'Regioturnier 3'!$V$3:$W$34,2,FALSE)), IF(ISNA(VLOOKUP(B6,'Regioturnier 3'!$Z$3:$AA$34,2,FALSE))=TRUE,0,VLOOKUP(B6,'Regioturnier 3'!$Z$3:$AA$34,2,FALSE))) -> 0 | R6: =0.5*INDEX($H6:$N6,MATCH(LARGE($H6:$N6,1),$H6:$N6,0))+0.3*INDEX($H6:$N6,MATCH(LARGE($H6:$N6,2),$H6:$N6,0))+0.2*INDEX($H6:$N6,MATCH(LARGE($H6:$N6,3),$H6:$N6,0)) -> 156.6 | S6: =0.6*INDEX(O6:Q6,MATCH(LARGE(O6:Q6,1),O6:Q6,0))+0.4*INDEX(O6:Q6,MATCH(LARGE(O6:Q6,2),O6:Q6,0))+0*INDEX(O6:Q6,MATCH(LARGE(O6:Q6,3),O6:Q6,0)) -> 207.2 | T6: =1*INDEX(R6:S6,MATCH(LARGE(R6:S6,1),R6:S6,0))+0*INDEX(R6:S6,MATCH(LARGE(R6:S6,2),R6:S6,0)) -> 207.2
A7: 6 | B7: Samuel Nemeskal | C7: VRC | D7: WBV | E7: M | F7: 111568 | G7: 2010 | H7: =MAX(IF(ISNA(VLOOKUP(B7,'WBV 1'!$B$3:$C$34,2,FALSE))=TRUE,0,VLOOKUP(B7,'WBV 1'!$B$3:$C$34,2,FALSE)),IF(ISNA(VLOOKUP(B7,'WBV 1'!$F$3:$G$34,2,FALSE))=TRUE,0,VLOOKUP(B7,'WBV 1'!$F$3:$G$34,2,FALSE)),IF(ISNA(VLOOKUP(B7,'WBV 1'!$J$3:$K$34,2,FALSE))=TRUE,0,VLOOKUP(B7,'WBV 1'!$J$3:$K$34,2,FALSE)),IF(ISNA(VLOOKUP(B7,'WBV 1'!$N$3:$O$34,2,FALSE))=TRUE,0,VLOOKUP(B7,'WBV 1'!$N$3:$O$34,2,FALSE))) -> 0 | I7: =MAX(IF(ISNA(VLOOKUP(B7,'WBV 2'!$B$3:$C$34,2,FALSE))=TRUE,0,VLOOKUP(B7,'WBV 2'!$B$3:$C$34,2,FALSE)),IF(ISNA(VLOOKUP(B7,'WBV 2'!$F$3:$G$34,2,FALSE))=TRUE,0,VLOOKUP(B7,'WBV 2'!$F$3:$G$34,2,FALSE)),IF(ISNA(VLOOKUP(B7,'WBV 2'!$J$3:$K$34,2,FALSE))=TRUE,0,VLOOKUP(B7,'WBV 2'!$J$3:$K$34,2,FALSE)),IF(ISNA(VLOOKUP(B7,'WBV 2'!$N$3:$O$34,2,FALSE))=TRUE,0,VLOOKUP(B7,'WBV 2'!$N$3:$O$34,2,FALSE))) -> 0 | J7: =MAX(IF(ISNA(VLOOKUP(B7,'WBV 3'!$B$3:$C$34,2,FALSE))=TRUE,0,VLOOKUP(B7,'WBV 3'!$B$3:$C$34,2,FALSE)),IF(ISNA(VLOOKUP(B7,'WBV 3'!$F$3:$G$34,2,FALSE))=TRUE,0,VLOOKUP(B7,'WBV 3'!$F$3:$G$34,2,FALSE)),IF(ISNA(VLOOKUP(B7,'WBV 3'!$J$3:$K$34,2,FALSE))=TRUE,0,VLOOKUP(B7,'WBV 3'!$J$3:$K$34,2,FALSE)),IF(ISNA(VLOOKUP(B7,'WBV 3'!$N$3:$O$34,2,FALSE))=TRUE,0,VLOOKUP(B7,'WBV 3'!$N$3:$O$34,2,FALSE))) -> 0 | K7: =MAX(IF(ISNA(VLOOKUP(B7,'WBV 4'!$B$3:$C$34,2,FALSE))=TRUE,0,VLOOKUP(B7,'WBV 4'!$B$3:$C$34,2,FALSE)),IF(ISNA(VLOOKUP(B7,'WBV 4'!$F$3:$G$34,2,FALSE))=TRUE,0,VLOOKUP(B7,'WBV 4'!$F$3:$G$34,2,FALSE)),IF(ISNA(VLOOKUP(B7,'WBV 4'!$J$3:$K$34,2,FALSE))=TRUE,0,VLOOKUP(B7,'WBV 4'!$J$3:$K$34,2,FALSE)),IF(ISNA(VLOOKUP(B7,'WBV 4'!$N$3:$O$34,2,FALSE))=TRUE,0,VLOOKUP(B7,'WBV 4'!$N$3:$O$34,2,FALSE))) -> 0 | L7: =MAX(IF(ISNA(VLOOKUP(B7,'NÖBV 1'!$B$3:$C$34,2,FALSE))=TRUE,0,VLOOKUP(B7,'NÖBV 1'!$B$3:$C$34,2,FALSE)),IF(ISNA(VLOOKUP(B7,'NÖBV 1'!$F$3:$G$34,2,FALSE))=TRUE,0,VLOOKUP(B7,'NÖBV 1'!$F$3:$G$34,2,FALSE)),IF(ISNA(VLOOKUP(B7,'NÖBV 1'!$J$3:$K$34,2,FALSE))=TRUE,0,VLOOKUP(B7,'NÖBV 1'!$J$3:$K$34,2,FALSE)),IF(ISNA(VLOOKUP(B7,'NÖBV 1'!$N$3:$O$34,2,FALSE))=TRUE,0,VLOOKUP(B7,'NÖBV 1'!$N$3:$O$34,2,FALSE))) -> 0 | M7: =MAX(IF(ISNA(VLOOKUP(B7,'NÖBV 2'!$B$3:$C$34,2,FALSE))=TRUE,0,VLOOKUP(B7,'NÖBV 2'!$B$3:$C$34,2,FALSE)),IF(ISNA(VLOOKUP(B7,'NÖBV 2'!$F$3:$G$34,2,FALSE))=TRUE,0,VLOOKUP(B7,'NÖBV 2'!$F$3:$G$34,2,FALSE)),IF(ISNA(VLOOKUP(B7,'NÖBV 2'!$J$3:$K$34,2,FALSE))=TRUE,0,VLOOKUP(B7,'NÖBV 2'!$J$3:$K$34,2,FALSE)),IF(ISNA(VLOOKUP(B7,'NÖBV 2'!$N$3:$O$34,2,FALSE))=TRUE,0,VLOOKUP(B7,'NÖBV 2'!$N$3:$O$34,2,FALSE))) -> 0 | N7: =MAX(IF(ISNA(VLOOKUP(B7,'NÖBV 3'!$B$3:$C$34,2,FALSE))=TRUE,0,VLOOKUP(B7,'NÖBV 3'!$B$3:$C$34,2,FALSE)),IF(ISNA(VLOOKUP(B7,'NÖBV 3'!$F$3:$G$34,2,FALSE))=TRUE,0,VLOOKUP(B7,'NÖBV 3'!$F$3:$G$34,2,FALSE)),IF(ISNA(VLOOKUP(B7,'NÖBV 3'!$J$3:$K$34,2,FALSE))=TRUE,0,VLOOKUP(B7,'NÖBV 3'!$J$3:$K$34,2,FALSE)),IF(ISNA(VLOOKUP(B7,'NÖBV 3'!$N$3:$O$34,2,FALSE))=TRUE,0,VLOOKUP(B7,'NÖBV 3'!$N$3:$O$34,2,FALSE))) -> 0 | O7: =MAX(IF(ISNA(VLOOKUP(B7,'Regioturnier 1'!$B$3:$C$34,2,FALSE))=TRUE,0,VLOOKUP(B7,'Regioturnier 1'!$B$3:$C$34,2,FALSE)),IF(ISNA(VLOOKUP(B7,'Regioturnier 1'!$F$3:$G$34,2,FALSE))=TRUE,0,VLOOKUP(B7,'Regioturnier 1'!$F$3:$G$34,2,FALSE)),IF(ISNA(VLOOKUP(B7,'Regioturnier 1'!$J$3:$K$34,2,FALSE))=TRUE,0,VLOOKUP(B7,'Regioturnier 1'!$J$3:$K$34,2,FALSE)),IF(ISNA(VLOOKUP(B7,'Regioturnier 1'!$N$3:$O$34,2,FALSE))=TRUE,0,VLOOKUP(B7,'Regioturnier 1'!$N$3:$O$34,2,FALSE)),IF(ISNA(VLOOKUP(B7,'Regioturnier 1'!$R$3:$S$34,2,FALSE))=TRUE,0,VLOOKUP(B7,'Regioturnier 1'!$R$3:$S$34,2,FALSE)), IF(ISNA(VLOOKUP(B7,'Regioturnier 1'!$V$3:$W$34,2,FALSE))=TRUE,0,VLOOKUP(B7,'Regioturnier 1'!$V$3:$W$34,2,FALSE)), IF(ISNA(VLOOKUP(B7,'Regioturnier 1'!$Z$3:$AA$34,2,FALSE))=TRUE,0,VLOOKUP(B7,'Regioturnier 1'!$Z$3:$AA$34,2,FALSE))) -> 200 | P7: =MAX(IF(ISNA(VLOOKUP(B7,'Regioturnier 2'!$B$3:$C$34,2,FALSE))=TRUE,0,VLOOKUP(B7,'Regioturnier 2'!$B$3:$C$34,2,FALSE)),IF(ISNA(VLOOKUP(B7,'Regioturnier 2'!$F$3:$G$34,2,FALSE))=TRUE,0,VLOOKUP(B7,'Regioturnier 2'!$F$3:$G$34,2,FALSE)),IF(ISNA(VLOOKUP(B7,'Regioturnier 2'!$J$3:$K$34,2,FALSE))=TRUE,0,VLOOKUP(B7,'Regioturnier 2'!$J$3:$K$34,2,FALSE)),IF(ISNA(VLOOKUP(B7,'Regioturnier 2'!$N$3:$O$34,2,FALSE))=TRUE,0,VLOOKUP(B7,'Regioturnier 2'!$N$3:$O$34,2,FALSE)),IF(ISNA(VLOOKUP(B7,'Regioturnier 2'!$R$3:$S$34,2,FALSE))=TRUE,0,VLOOKUP(B7,'Regioturnier 2'!$R$3:$S$34,2,FALSE)), IF(ISNA(VLOOKUP(B7,'Regioturnier 2'!$V$3:$W$34,2,FALSE))=TRUE,0,VLOOKUP(B7,'Regioturnier 2'!$V$3:$W$34,2,FALSE)), IF(ISNA(VLOOKUP(B7,'Regioturnier 2'!$Z$3:$AA$34,2,FALSE))=TRUE,0,VLOOKUP(B7,'Regioturnier 2'!$Z$3:$AA$34,2,FALSE))) -> 207 | Q7: =MAX(IF(ISNA(VLOOKUP(B7,'Regioturnier 3'!$B$3:$C$34,2,FALSE))=TRUE,0,VLOOKUP(B7,'Regioturnier 3'!$B$3:$C$34,2,FALSE)),IF(ISNA(VLOOKUP(B7,'Regioturnier 3'!$F$3:$G$34,2,FALSE))=TRUE,0,VLOOKUP(B7,'Regioturnier 3'!$F$3:$G$34,2,FALSE)),IF(ISNA(VLOOKUP(B7,'Regioturnier 3'!$J$3:$K$34,2,FALSE))=TRUE,0,VLOOKUP(B7,'Regioturnier 3'!$J$3:$K$34,2,FALSE)),IF(ISNA(VLOOKUP(B7,'Regioturnier 3'!$N$3:$O$34,2,FALSE))=TRUE,0,VLOOKUP(B7,'Regioturnier 3'!$N$3:$O$34,2,FALSE)),IF(ISNA(VLOOKUP(B7,'Regioturnier 3'!$R$3:$S$34,2,FALSE))=TRUE,0,VLOOKUP(B7,'Regioturnier 3'!$R$3:$S$34,2,FALSE)), IF(ISNA(VLOOKUP(B7,'Regioturnier 3'!$V$3:$W$34,2,FALSE))=TRUE,0,VLOOKUP(B7,'Regioturnier 3'!$V$3:$W$34,2,FALSE)), IF(ISNA(VLOOKUP(B7,'Regioturnier 3'!$Z$3:$AA$34,2,FALSE))=TRUE,0,VLOOKUP(B7,'Regioturnier 3'!$Z$3:$AA$34,2,FALSE))) -> 0 | R7: =0.5*INDEX($H7:$N7,MATCH(LARGE($H7:$N7,1),$H7:$N7,0))+0.3*INDEX($H7:$N7,MATCH(LARGE($H7:$N7,2),$H7:$N7,0))+0.2*INDEX($H7:$N7,MATCH(LARGE($H7:$N7,3),$H7:$N7,0)) -> 0 | S7: =0.6*INDEX(O7:Q7,MATCH(LARGE(O7:Q7,1),O7:Q7,0))+0.4*INDEX(O7:Q7,MATCH(LARGE(O7:Q7,2),O7:Q7,0))+0*INDEX(O7:Q7,MATCH(LARGE(O7:Q7,3),O7:Q7,0)) -> 204.2 | T7: =1*INDEX(R7:S7,MATCH(LARGE(R7:S7,1),R7:S7,0))+0*INDEX(R7:S7,MATCH(LARGE(R7:S7,2),R7:S7,0)) -> 204.2
A8: 7 | B8: Philipp Grebien | C8: WBH WIEN | D8: WBV | E8: M | F8: 110047 | G8: 2014 | H8: =MAX(IF(ISNA(VLOOKUP(B8,'WBV 1'!$B$3:$C$34,2,FALSE))=TRUE,0,VLOOKUP(B8,'WBV 1'!$B$3:$C$34,2,FALSE)),IF(ISNA(VLOOKUP(B8,'WBV 1'!$F$3:$G$34,2,FALSE))=TRUE,0,VLOOKUP(B8,'WBV 1'!$F$3:$G$34,2,FALSE)),IF(ISNA(VLOOKUP(B8,'WBV 1'!$J$3:$K$34,2,FALSE))=TRUE,0,VLOOKUP(B8,'WBV 1'!$J$3:$K$34,2,FALSE)),IF(ISNA(VLOOKUP(B8,'WBV 1'!$N$3:$O$34,2,FALSE))=TRUE,0,VLOOKUP(B8,'WBV 1'!$N$3:$O$34,2,FALSE))) -> 0 | I8: =MAX(IF(ISNA(VLOOKUP(B8,'WBV 2'!$B$3:$C$34,2,FALSE))=TRUE,0,VLOOKUP(B8,'WBV 2'!$B$3:$C$34,2,FALSE)),IF(ISNA(VLOOKUP(B8,'WBV 2'!$F$3:$G$34,2,FALSE))=TRUE,0,VLOOKUP(B8,'WBV 2'!$F$3:$G$34,2,FALSE)),IF(ISNA(VLOOKUP(B8,'WBV 2'!$J$3:$K$34,2,FALSE))=TRUE,0,VLOOKUP(B8,'WBV 2'!$J$3:$K$34,2,FALSE)),IF(ISNA(VLOOKUP(B8,'WBV 2'!$N$3:$O$34,2,FALSE))=TRUE,0,VLOOKUP(B8,'WBV 2'!$N$3:$O$34,2,FALSE))) -> 0 | J8: =MAX(IF(ISNA(VLOOKUP(B8,'WBV 3'!$B$3:$C$34,2,FALSE))=TRUE,0,VLOOKUP(B8,'WBV 3'!$B$3:$C$34,2,FALSE)),IF(ISNA(VLOOKUP(B8,'WBV 3'!$F$3:$G$34,2,FALSE))=TRUE,0,VLOOKUP(B8,'WBV 3'!$F$3:$G$34,2,FALSE)),IF(ISNA(VLOOKUP(B8,'WBV 3'!$J$3:$K$34,2,FALSE))=TRUE,0,VLOOKUP(B8,'WBV 3'!$J$3:$K$34,2,FALSE)),IF(ISNA(VLOOKUP(B8,'WBV 3'!$N$3:$O$34,2,FALSE))=TRUE,0,VLOOKUP(B8,'WBV 3'!$N$3:$O$34,2,FALSE))) -> 196 | K8: =MAX(IF(ISNA(VLOOKUP(B8,'WBV 4'!$B$3:$C$34,2,FALSE))=TRUE,0,VLOOKUP(B8,'WBV 4'!$B$3:$C$34,2,FALSE)),IF(ISNA(VLOOKUP(B8,'WBV 4'!$F$3:$G$34,2,FALSE))=TRUE,0,VLOOKUP(B8,'WBV 4'!$F$3:$G$34,2,FALSE)),IF(ISNA(VLOOKUP(B8,'WBV 4'!$J$3:$K$34,2,FALSE))=TRUE,0,VLOOKUP(B8,'WBV 4'!$J$3:$K$34,2,FALSE)),IF(ISNA(VLOOKUP(B8,'WBV 4'!$N$3:$O$34,2,FALSE))=TRUE,0,VLOOKUP(B8,'WBV 4'!$N$3:$O$34,2,FALSE))) -> 0 | L8: =MAX(IF(ISNA(VLOOKUP(B8,'NÖBV 1'!$B$3:$C$34,2,FALSE))=TRUE,0,VLOOKUP(B8,'NÖBV 1'!$B$3:$C$34,2,FALSE)),IF(ISNA(VLOOKUP(B8,'NÖBV 1'!$F$3:$G$34,2,FALSE))=TRUE,0,VLOOKUP(B8,'NÖBV 1'!$F$3:$G$34,2,FALSE)),IF(ISNA(VLOOKUP(B8,'NÖBV 1'!$J$3:$K$34,2,FALSE))=TRUE,0,VLOOKUP(B8,'NÖBV 1'!$J$3:$K$34,2,FALSE)),IF(ISNA(VLOOKUP(B8,'NÖBV 1'!$N$3:$O$34,2,FALSE))=TRUE,0,VLOOKUP(B8,'NÖBV 1'!$N$3:$O$34,2,FALSE))) -> 0 | M8: =MAX(IF(ISNA(VLOOKUP(B8,'NÖBV 2'!$B$3:$C$34,2,FALSE))=TRUE,0,VLOOKUP(B8,'NÖBV 2'!$B$3:$C$34,2,FALSE)),IF(ISNA(VLOOKUP(B8,'NÖBV 2'!$F$3:$G$34,2,FALSE))=TRUE,0,VLOOKUP(B8,'NÖBV 2'!$F$3:$G$34,2,FALSE)),IF(ISNA(VLOOKUP(B8,'NÖBV 2'!$J$3:$K$34,2,FALSE))=TRUE,0,VLOOKUP(B8,'NÖBV 2'!$J$3:$K$34,2,FALSE)),IF(ISNA(VLOOKUP(B8,'NÖBV 2'!$N$3:$O$34,2,FALSE))=TRUE,0,VLOOKUP(B8,'NÖBV 2'!$N$3:$O$34,2,FALSE))) -> 0 | N8: =MAX(IF(ISNA(VLOOKUP(B8,'NÖBV 3'!$B$3:$C$34,2,FALSE))=TRUE,0,VLOOKUP(B8,'NÖBV 3'!$B$3:$C$34,2,FALSE)),IF(ISNA(VLOOKUP(B8,'NÖBV 3'!$F$3:$G$34,2,FALSE))=TRUE,0,VLOOKUP(B8,'NÖBV 3'!$F$3:$G$34,2,FALSE)),IF(ISNA(VLOOKUP(B8,'NÖBV 3'!$J$3:$K$34,2,FALSE))=TRUE,0,VLOOKUP(B8,'NÖBV 3'!$J$3:$K$34,2,FALSE)),IF(ISNA(VLOOKUP(B8,'NÖBV 3'!$N$3:$O$34,2,FALSE))=TRUE,0,VLOOKUP(B8,'NÖBV 3'!$N$3:$O$34,2,FALSE))) -> 0 | O8: =MAX(IF(ISNA(VLOOKUP(B8,'Regioturnier 1'!$B$3:$C$34,2,FALSE))=TRUE,0,VLOOKUP(B8,'Regioturnier 1'!$B$3:$C$34,2,FALSE)),IF(ISNA(VLOOKUP(B8,'Regioturnier 1'!$F$3:$G$34,2,FALSE))=TRUE,0,VLOOKUP(B8,'Regioturnier 1'!$F$3:$G$34,2,FALSE)),IF(ISNA(VLOOKUP(B8,'Regioturnier 1'!$J$3:$K$34,2,FALSE))=TRUE,0,VLOOKUP(B8,'Regioturnier 1'!$J$3:$K$34,2,FALSE)),IF(ISNA(VLOOKUP(B8,'Regioturnier 1'!$N$3:$O$34,2,FALSE))=TRUE,0,VLOOKUP(B8,'Regioturnier 1'!$N$3:$O$34,2,FALSE)),IF(ISNA(VLOOKUP(B8,'Regioturnier 1'!$R$3:$S$34,2,FALSE))=TRUE,0,VLOOKUP(B8,'Regioturnier 1'!$R$3:$S$34,2,FALSE)), IF(ISNA(VLOOKUP(B8,'Regioturnier 1'!$V$3:$W$34,2,FALSE))=TRUE,0,VLOOKUP(B8,'Regioturnier 1'!$V$3:$W$34,2,FALSE)), IF(ISNA(VLOOKUP(B8,'Regioturnier 1'!$Z$3:$AA$34,2,FALSE))=TRUE,0,VLOOKUP(B8,'Regioturnier 1'!$Z$3:$AA$34,2,FALSE))) -> 201 | P8: =MAX(IF(ISNA(VLOOKUP(B8,'Regioturnier 2'!$B$3:$C$34,2,FALSE))=TRUE,0,VLOOKUP(B8,'Regioturnier 2'!$B$3:$C$34,2,FALSE)),IF(ISNA(VLOOKUP(B8,'Regioturnier 2'!$F$3:$G$34,2,FALSE))=TRUE,0,VLOOKUP(B8,'Regioturnier 2'!$F$3:$G$34,2,FALSE)),IF(ISNA(VLOOKUP(B8,'Regioturnier 2'!$J$3:$K$34,2,FALSE))=TRUE,0,VLOOKUP(B8,'Regioturnier 2'!$J$3:$K$34,2,FALSE)),IF(ISNA(VLOOKUP(B8,'Regioturnier 2'!$N$3:$O$34,2,FALSE))=TRUE,0,VLOOKUP(B8,'Regioturnier 2'!$N$3:$O$34,2,FALSE)),IF(ISNA(VLOOKUP(B8,'Regioturnier 2'!$R$3:$S$34,2,FALSE))=TRUE,0,VLOOKUP(B8,'Regioturnier 2'!$R$3:$S$34,2,FALSE)), IF(ISNA(VLOOKUP(B8,'Regioturnier 2'!$V$3:$W$34,2,FALSE))=TRUE,0,VLOOKUP(B8,'Regioturnier 2'!$V$3:$W$34,2,FALSE)), IF(ISNA(VLOOKUP(B8,'Regioturnier 2'!$Z$3:$AA$34,2,FALSE))=TRUE,0,VLOOKUP(B8,'Regioturnier 2'!$Z$3:$AA$34,2,FALSE))) -> 205 | Q8: =MAX(IF(ISNA(VLOOKUP(B8,'Regioturnier 3'!$B$3:$C$34,2,FALSE))=TRUE,0,VLOOKUP(B8,'Regioturnier 3'!$B$3:$C$34,2,FALSE)),IF(ISNA(VLOOKUP(B8,'Regioturnier 3'!$F$3:$G$34,2,FALSE))=TRUE,0,VLOOKUP(B8,'Regioturnier 3'!$F$3:$G$34,2,FALSE)),IF(ISNA(VLOOKUP(B8,'Regioturnier 3'!$J$3:$K$34,2,FALSE))=TRUE,0,VLOOKUP(B8,'Regioturnier 3'!$J$3:$K$34,2,FALSE)),IF(ISNA(VLOOKUP(B8,'Regioturnier 3'!$N$3:$O$34,2,FALSE))=TRUE,0,VLOOKUP(B8,'Regioturnier 3'!$N$3:$O$34,2,FALSE)),IF(ISNA(VLOOKUP(B8,'Regioturnier 3'!$R$3:$S$34,2,FALSE))=TRUE,0,VLOOKUP(B8,'Regioturnier 3'!$R$3:$S$34,2,FALSE)), IF(ISNA(VLOOKUP(B8,'Regioturnier 3'!$V$3:$W$34,2,FALSE))=TRUE,0,VLOOKUP(B8,'Regioturnier 3'!$V$3:$W$34,2,FALSE)), IF(ISNA(VLOOKUP(B8,'Regioturnier 3'!$Z$3:$AA$34,2,FALSE))=TRUE,0,VLOOKUP(B8,'Regioturnier 3'!$Z$3:$AA$34,2,FALSE))) -> 0 | R8: =0.5*INDEX($H8:$N8,MATCH(LARGE($H8:$N8,1),$H8:$N8,0))+0.3*INDEX($H8:$N8,MATCH(LARGE($H8:$N8,2),$H8:$N8,0))+0.2*INDEX($H8:$N8,MATCH(LARGE($H8:$N8,3),$H8:$N8,0)) -> 98 | S8: =0.6*INDEX(O8:Q8,MATCH(LARGE(O8:Q8,1),O8:Q8,0))+0.4*INDEX(O8:Q8,MATCH(LARGE(O8:Q8,2),O8:Q8,0))+0*INDEX(O8:Q8,MATCH(LARGE(O8:Q8,3),O8:Q8,0)) -> 203.4 | T8: =1*INDEX(R8:S8,MATCH(LARGE(R8:S8,1),R8:S8,0))+0*INDEX(R8:S8,MATCH(LARGE(R8:S8,2),R8:S8,0)) -> 203.4
A9: 8 | B9: Valentin Schefcik | C9: Badminton Mödling | D9: NÖBV | E9: M | F9: 26473 | G9: 2010 | H9: =MAX(IF(ISNA(VLOOKUP(B9,'WBV 1'!$B$3:$C$34,2,FALSE))=TRUE,0,VLOOKUP(B9,'WBV 1'!$B$3:$C$34,2,FALSE)),IF(ISNA(VLOOKUP(B9,'WBV 1'!$F$3:$G$34,2,FALSE))=TRUE,0,VLOOKUP(B9,'WBV 1'!$F$3:$G$34,2,FALSE)),IF(ISNA(VLOOKUP(B9,'WBV 1'!$J$3:$K$34,2,FALSE))=TRUE,0,VLOOKUP(B9,'WBV 1'!$J$3:$K$34,2,FALSE)),IF(ISNA(VLOOKUP(B9,'WBV 1'!$N$3:$O$34,2,FALSE))=TRUE,0,VLOOKUP(B9,'WBV 1'!$N$3:$O$34,2,FALSE))) -> 0 | I9: =MAX(IF(ISNA(VLOOKUP(B9,'WBV 2'!$B$3:$C$34,2,FALSE))=TRUE,0,VLOOKUP(B9,'WBV 2'!$B$3:$C$34,2,FALSE)),IF(ISNA(VLOOKUP(B9,'WBV 2'!$F$3:$G$34,2,FALSE))=TRUE,0,VLOOKUP(B9,'WBV 2'!$F$3:$G$34,2,FALSE)),IF(ISNA(VLOOKUP(B9,'WBV 2'!$J$3:$K$34,2,FALSE))=TRUE,0,VLOOKUP(B9,'WBV 2'!$J$3:$K$34,2,FALSE)),IF(ISNA(VLOOKUP(B9,'WBV 2'!$N$3:$O$34,2,FALSE))=TRUE,0,VLOOKUP(B9,'WBV 2'!$N$3:$O$34,2,FALSE))) -> 0 | J9: =MAX(IF(ISNA(VLOOKUP(B9,'WBV 3'!$B$3:$C$34,2,FALSE))=TRUE,0,VLOOKUP(B9,'WBV 3'!$B$3:$C$34,2,FALSE)),IF(ISNA(VLOOKUP(B9,'WBV 3'!$F$3:$G$34,2,FALSE))=TRUE,0,VLOOKUP(B9,'WBV 3'!$F$3:$G$34,2,FALSE)),IF(ISNA(VLOOKUP(B9,'WBV 3'!$J$3:$K$34,2,FALSE))=TRUE,0,VLOOKUP(B9,'WBV 3'!$J$3:$K$34,2,FALSE)),IF(ISNA(VLOOKUP(B9,'WBV 3'!$N$3:$O$34,2,FALSE))=TRUE,0,VLOOKUP(B9,'WBV 3'!$N$3:$O$34,2,FALSE))) -> 0 | K9: =MAX(IF(ISNA(VLOOKUP(B9,'WBV 4'!$B$3:$C$34,2,FALSE))=TRUE,0,VLOOKUP(B9,'WBV 4'!$B$3:$C$34,2,FALSE)),IF(ISNA(VLOOKUP(B9,'WBV 4'!$F$3:$G$34,2,FALSE))=TRUE,0,VLOOKUP(B9,'WBV 4'!$F$3:$G$34,2,FALSE)),IF(ISNA(VLOOKUP(B9,'WBV 4'!$J$3:$K$34,2,FALSE))=TRUE,0,VLOOKUP(B9,'WBV 4'!$J$3:$K$34,2,FALSE)),IF(ISNA(VLOOKUP(B9,'WBV 4'!$N$3:$O$34,2,FALSE))=TRUE,0,VLOOKUP(B9,'WBV 4'!$N$3:$O$34,2,FALSE))) -> 0 | L9: =MAX(IF(ISNA(VLOOKUP(B9,'NÖBV 1'!$B$3:$C$34,2,FALSE))=TRUE,0,VLOOKUP(B9,'NÖBV 1'!$B$3:$C$34,2,FALSE)),IF(ISNA(VLOOKUP(B9,'NÖBV 1'!$F$3:$G$34,2,FALSE))=TRUE,0,VLOOKUP(B9,'NÖBV 1'!$F$3:$G$34,2,FALSE)),IF(ISNA(VLOOKUP(B9,'NÖBV 1'!$J$3:$K$34,2,FALSE))=TRUE,0,VLOOKUP(B9,'NÖBV 1'!$J$3:$K$34,2,FALSE)),IF(ISNA(VLOOKUP(B9,'NÖBV 1'!$N$3:$O$34,2,FALSE))=TRUE,0,VLOOKUP(B9,'NÖBV 1'!$N$3:$O$34,2,FALSE))) -> 0 | M9: =MAX(IF(ISNA(VLOOKUP(B9,'NÖBV 2'!$B$3:$C$34,2,FALSE))=TRUE,0,VLOOKUP(B9,'NÖBV 2'!$B$3:$C$34,2,FALSE)),IF(ISNA(VLOOKUP(B9,'NÖBV 2'!$F$3:$G$34,2,FALSE))=TRUE,0,VLOOKUP(B9,'NÖBV 2'!$F$3:$G$34,2,FALSE)),IF(ISNA(VLOOKUP(B9,'NÖBV 2'!$J$3:$K$34,2,FALSE))=TRUE,0,VLOOKUP(B9,'NÖBV 2'!$J$3:$K$34,2,FALSE)),IF(ISNA(VLOOKUP(B9,'NÖBV 2'!$N$3:$O$34,2,FALSE))=TRUE,0,VLOOKUP(B9,'NÖBV 2'!$N$3:$O$34,2,FALSE))) -> 192 | N9: =MAX(IF(ISNA(VLOOKUP(B9,'NÖBV 3'!$B$3:$C$34,2,FALSE))=TRUE,0,VLOOKUP(B9,'NÖBV 3'!$B$3:$C$34,2,FALSE)),IF(ISNA(VLOOKUP(B9,'NÖBV 3'!$F$3:$G$34,2,FALSE))=TRUE,0,VLOOKUP(B9,'NÖBV 3'!$F$3:$G$34,2,FALSE)),IF(ISNA(VLOOKUP(B9,'NÖBV 3'!$J$3:$K$34,2,FALSE))=TRUE,0,VLOOKUP(B9,'NÖBV 3'!$J$3:$K$34,2,FALSE)),IF(ISNA(VLOOKUP(B9,'NÖBV 3'!$N$3:$O$34,2,FALSE))=TRUE,0,VLOOKUP(B9,'NÖBV 3'!$N$3:$O$34,2,FALSE))) -> 200 | O9: =MAX(IF(ISNA(VLOOKUP(B9,'Regioturnier 1'!$B$3:$C$34,2,FALSE))=TRUE,0,VLOOKUP(B9,'Regioturnier 1'!$B$3:$C$34,2,FALSE)),IF(ISNA(VLOOKUP(B9,'Regioturnier 1'!$F$3:$G$34,2,FALSE))=TRUE,0,VLOOKUP(B9,'Regioturnier 1'!$F$3:$G$34,2,FALSE)),IF(ISNA(VLOOKUP(B9,'Regioturnier 1'!$J$3:$K$34,2,FALSE))=TRUE,0,VLOOKUP(B9,'Regioturnier 1'!$J$3:$K$34,2,FALSE)),IF(ISNA(VLOOKUP(B9,'Regioturnier 1'!$N$3:$O$34,2,FALSE))=TRUE,0,VLOOKUP(B9,'Regioturnier 1'!$N$3:$O$34,2,FALSE)),IF(ISNA(VLOOKUP(B9,'Regioturnier 1'!$R$3:$S$34,2,FALSE))=TRUE,0,VLOOKUP(B9,'Regioturnier 1'!$R$3:$S$34,2,FALSE)), IF(ISNA(VLOOKUP(B9,'Regioturnier 1'!$V$3:$W$34,2,FALSE))=TRUE,0,VLOOKUP(B9,'Regioturnier 1'!$V$3:$W$34,2,FALSE)), IF(ISNA(VLOOKUP(B9,'Regioturnier 1'!$Z$3:$AA$34,2,FALSE))=TRUE,0,VLOOKUP(B9,'Regioturnier 1'!$Z$3:$AA$34,2,FALSE))) -> 202 | P9: =MAX(IF(ISNA(VLOOKUP(B9,'Regioturnier 2'!$B$3:$C$34,2,FALSE))=TRUE,0,VLOOKUP(B9,'Regioturnier 2'!$B$3:$C$34,2,FALSE)),IF(ISNA(VLOOKUP(B9,'Regioturnier 2'!$F$3:$G$34,2,FALSE))=TRUE,0,VLOOKUP(B9,'Regioturnier 2'!$F$3:$G$34,2,FALSE)),IF(ISNA(VLOOKUP(B9,'Regioturnier 2'!$J$3:$K$34,2,FALSE))=TRUE,0,VLOOKUP(B9,'Regioturnier 2'!$J$3:$K$34,2,FALSE)),IF(ISNA(VLOOKUP(B9,'Regioturnier 2'!$N$3:$O$34,2,FALSE))=TRUE,0,VLOOKUP(B9,'Regioturnier 2'!$N$3:$O$34,2,FALSE)),IF(ISNA(VLOOKUP(B9,'Regioturnier 2'!$R$3:$S$34,2,FALSE))=TRUE,0,VLOOKUP(B9,'Regioturnier 2'!$R$3:$S$34,2,FALSE)), IF(ISNA(VLOOKUP(B9,'Regioturnier 2'!$V$3:$W$34,2,FALSE))=TRUE,0,VLOOKUP(B9,'Regioturnier 2'!$V$3:$W$34,2,FALSE)), IF(ISNA(VLOOKUP(B9,'Regioturnier 2'!$Z$3:$AA$34,2,FALSE))=TRUE,0,VLOOKUP(B9,'Regioturnier 2'!$Z$3:$AA$34,2,FALSE))) -> 204 | Q9: =MAX(IF(ISNA(VLOOKUP(B9,'Regioturnier 3'!$B$3:$C$34,2,FALSE))=TRUE,0,VLOOKUP(B9,'Regioturnier 3'!$B$3:$C$34,2,FALSE)),IF(ISNA(VLOOKUP(B9,'Regioturnier 3'!$F$3:$G$34,2,FALSE))=TRUE,0,VLOOKUP(B9,'Regioturnier 3'!$F$3:$G$34,2,FALSE)),IF(ISNA(VLOOKUP(B9,'Regioturnier 3'!$J$3:$K$34,2,FALSE))=TRUE,0,VLOOKUP(B9,'Regioturnier 3'!$J$3:$K$34,2,FALSE)),IF(ISNA(VLOOKUP(B9,'Regioturnier 3'!$N$3:$O$34,2,FALSE))=TRUE,0,VLOOKUP(B9,'Regioturnier 3'!$N$3:$O$34,2,FALSE)),IF(ISNA(VLOOKUP(B9,'Regioturnier 3'!$R$3:$S$34,2,FALSE))=TRUE,0,VLOOKUP(B9,'Regioturnier 3'!$R$3:$S$34,2,FALSE)), IF(ISNA(VLOOKUP(B9,'Regioturnier 3'!$V$3:$W$34,2,FALSE))=TRUE,0,VLOOKUP(B9,'Regioturnier 3'!$V$3:$W$34,2,FALSE)), IF(ISNA(VLOOKUP(B9,'Regioturnier 3'!$Z$3:$AA$34,2,FALSE))=TRUE,0,VLOOKUP(B9,'Regioturnier 3'!$Z$3:$AA$34,2,FALSE))) -> 0 | R9: =0.5*INDEX($H9:$N9,MATCH(LARGE($H9:$N9,1),$H9:$N9,0))+0.3*INDEX($H9:$N9,MATCH(LARGE($H9:$N9,2),$H9:$N9,0))+0.2*INDEX($H9:$N9,MATCH(LARGE($H9:$N9,3),$H9:$N9,0)) -> 157.6 | S9: =0.6*INDEX(O9:Q9,MATCH(LARGE(O9:Q9,1),O9:Q9,0))+0.4*INDEX(O9:Q9,MATCH(LARGE(O9:Q9,2),O9:Q9,0))+0*INDEX(O9:Q9,MATCH(LARGE(O9:Q9,3),O9:Q9,0)) -> 203.2 | T9: =1*INDEX(R9:S9,MATCH(LARGE(R9:S9,1),R9:S9,0))+0*INDEX(R9:S9,MATCH(LARGE(R9:S9,2),R9:S9,0)) -> 203.2
A10: 9 | B10: Laura Schindler | C10: WBH WIEN | D10: WBV | E10: W | F10: 108588 | G10: 2010 | H10: =MAX(IF(ISNA(VLOOKUP(B10,'WBV 1'!$B$3:$C$34,2,FALSE))=TRUE,0,VLOOKUP(B10,'WBV 1'!$B$3:$C$34,2,FALSE)),IF(ISNA(VLOOKUP(B10,'WBV 1'!$F$3:$G$34,2,FALSE))=TRUE,0,VLOOKUP(B10,'WBV 1'!$F$3:$G$34,2,FALSE)),IF(ISNA(VLOOKUP(B10,'WBV 1'!$J$3:$K$34,2,FALSE))=TRUE,0,VLOOKUP(B10,'WBV 1'!$J$3:$K$34,2,FALSE)),IF(ISNA(VLOOKUP(B10,'WBV 1'!$N$3:$O$34,2,FALSE))=TRUE,0,VLOOKUP(B10,'WBV 1'!$N$3:$O$34,2,FALSE))) -> 0 | I10: =MAX(IF(ISNA(VLOOKUP(B10,'WBV 2'!$B$3:$C$34,2,FALSE))=TRUE,0,VLOOKUP(B10,'WBV 2'!$B$3:$C$34,2,FALSE)),IF(ISNA(VLOOKUP(B10,'WBV 2'!$F$3:$G$34,2,FALSE))=TRUE,0,VLOOKUP(B10,'WBV 2'!$F$3:$G$34,2,FALSE)),IF(ISNA(VLOOKUP(B10,'WBV 2'!$J$3:$K$34,2,FALSE))=TRUE,0,VLOOKUP(B10,'WBV 2'!$J$3:$K$34,2,FALSE)),IF(ISNA(VLOOKUP(B10,'WBV 2'!$N$3:$O$34,2,FALSE))=TRUE,0,VLOOKUP(B10,'WBV 2'!$N$3:$O$34,2,FALSE))) -> 183 | J10: =MAX(IF(ISNA(VLOOKUP(B10,'WBV 3'!$B$3:$C$34,2,FALSE))=TRUE,0,VLOOKUP(B10,'WBV 3'!$B$3:$C$34,2,FALSE)),IF(ISNA(VLOOKUP(B10,'WBV 3'!$F$3:$G$34,2,FALSE))=TRUE,0,VLOOKUP(B10,'WBV 3'!$F$3:$G$34,2,FALSE)),IF(ISNA(VLOOKUP(B10,'WBV 3'!$J$3:$K$34,2,FALSE))=TRUE,0,VLOOKUP(B10,'WBV 3'!$J$3:$K$34,2,FALSE)),IF(ISNA(VLOOKUP(B10,'WBV 3'!$N$3:$O$34,2,FALSE))=TRUE,0,VLOOKUP(B10,'WBV 3'!$N$3:$O$34,2,FALSE))) -> 189 | K10: =MAX(IF(ISNA(VLOOKUP(B10,'WBV 4'!$B$3:$C$34,2,FALSE))=TRUE,0,VLOOKUP(B10,'WBV 4'!$B$3:$C$34,2,FALSE)),IF(ISNA(VLOOKUP(B10,'WBV 4'!$F$3:$G$34,2,FALSE))=TRUE,0,VLOOKUP(B10,'WBV 4'!$F$3:$G$34,2,FALSE)),IF(ISNA(VLOOKUP(B10,'WBV 4'!$J$3:$K$34,2,FALSE))=TRUE,0,VLOOKUP(B10,'WBV 4'!$J$3:$K$34,2,FALSE)),IF(ISNA(VLOOKUP(B10,'WBV 4'!$N$3:$O$34,2,FALSE))=TRUE,0,VLOOKUP(B10,'WBV 4'!$N$3:$O$34,2,FALSE))) -> 0 | L10: =MAX(IF(ISNA(VLOOKUP(B10,'NÖBV 1'!$B$3:$C$34,2,FALSE))=TRUE,0,VLOOKUP(B10,'NÖBV 1'!$B$3:$C$34,2,FALSE)),IF(ISNA(VLOOKUP(B10,'NÖBV 1'!$F$3:$G$34,2,FALSE))=TRUE,0,VLOOKUP(B10,'NÖBV 1'!$F$3:$G$34,2,FALSE)),IF(ISNA(VLOOKUP(B10,'NÖBV 1'!$J$3:$K$34,2,FALSE))=TRUE,0,VLOOKUP(B10,'NÖBV 1'!$J$3:$K$34,2,FALSE)),IF(ISNA(VLOOKUP(B10,'NÖBV 1'!$N$3:$O$34,2,FALSE))=TRUE,0,VLOOKUP(B10,'NÖBV 1'!$N$3:$O$34,2,FALSE))) -> 0 | M10: =MAX(IF(ISNA(VLOOKUP(B10,'NÖBV 2'!$B$3:$C$34,2,FALSE))=TRUE,0,VLOOKUP(B10,'NÖBV 2'!$B$3:$C$34,2,FALSE)),IF(ISNA(VLOOKUP(B10,'NÖBV 2'!$F$3:$G$34,2,FALSE))=TRUE,0,VLOOKUP(B10,'NÖBV 2'!$F$3:$G$34,2,FALSE)),IF(ISNA(VLOOKUP(B10,'NÖBV 2'!$J$3:$K$34,2,FALSE))=TRUE,0,VLOOKUP(B10,'NÖBV 2'!$J$3:$K$34,2,FALSE)),IF(ISNA(VLOOKUP(B10,'NÖBV 2'!$N$3:$O$34,2,FALSE))=TRUE,0,VLOOKUP(B10,'NÖBV 2'!$N$3:$O$34,2,FALSE))) -> 0 | N10: =MAX(IF(ISNA(VLOOKUP(B10,'NÖBV 3'!$B$3:$C$34,2,FALSE))=TRUE,0,VLOOKUP(B10,'NÖBV 3'!$B$3:$C$34,2,FALSE)),IF(ISNA(VLOOKUP(B10,'NÖBV 3'!$F$3:$G$34,2,FALSE))=TRUE,0,VLOOKUP(B10,'NÖBV 3'!$F$3:$G$34,2,FALSE)),IF(ISNA(VLOOKUP(B10,'NÖBV 3'!$J$3:$K$34,2,FALSE))=TRUE,0,VLOOKUP(B10,'NÖBV 3'!$J$3:$K$34,2,FALSE)),IF(ISNA(VLOOKUP(B10,'NÖBV 3'!$N$3:$O$34,2,FALSE))=TRUE,0,VLOOKUP(B10,'NÖBV 3'!$N$3:$O$34,2,FALSE))) -> 0 | O10: =MAX(IF(ISNA(VLOOKUP(B10,'Regioturnier 1'!$B$3:$C$34,2,FALSE))=TRUE,0,VLOOKUP(B10,'Regioturnier 1'!$B$3:$C$34,2,FALSE)),IF(ISNA(VLOOKUP(B10,'Regioturnier 1'!$F$3:$G$34,2,FALSE))=TRUE,0,VLOOKUP(B10,'Regioturnier 1'!$F$3:$G$34,2,FALSE)),IF(ISNA(VLOOKUP(B10,'Regioturnier 1'!$J$3:$K$34,2,FALSE))=TRUE,0,VLOOKUP(B10,'Regioturnier 1'!$J$3:$K$34,2,FALSE)),IF(ISNA(VLOOKUP(B10,'Regioturnier 1'!$N$3:$O$34,2,FALSE))=TRUE,0,VLOOKUP(B10,'Regioturnier 1'!$N$3:$O$34,2,FALSE)),IF(ISNA(VLOOKUP(B10,'Regioturnier 1'!$R$3:$S$34,2,FALSE))=TRUE,0,VLOOKUP(B10,'Regioturnier 1'!$R$3:$S$34,2,FALSE)), IF(ISNA(VLOOKUP(B10,'Regioturnier 1'!$V$3:$W$34,2,FALSE))=TRUE,0,VLOOKUP(B10,'Regioturnier 1'!$V$3:$W$34,2,FALSE)), IF(ISNA(VLOOKUP(B10,'Regioturnier 1'!$Z$3:$AA$34,2,FALSE))=TRUE,0,VLOOKUP(B10,'Regioturnier 1'!$Z$3:$AA$34,2,FALSE))) -> 200 | P10: =MAX(IF(ISNA(VLOOKUP(B10,'Regioturnier 2'!$B$3:$C$34,2,FALSE))=TRUE,0,VLOOKUP(B10,'Regioturnier 2'!$B$3:$C$34,2,FALSE)),IF(ISNA(VLOOKUP(B10,'Regioturnier 2'!$F$3:$G$34,2,FALSE))=TRUE,0,VLOOKUP(B10,'Regioturnier 2'!$F$3:$G$34,2,FALSE)),IF(ISNA(VLOOKUP(B10,'Regioturnier 2'!$J$3:$K$34,2,FALSE))=TRUE,0,VLOOKUP(B10,'Regioturnier 2'!$J$3:$K$34,2,FALSE)),IF(ISNA(VLOOKUP(B10,'Regioturnier 2'!$N$3:$O$34,2,FALSE))=TRUE,0,VLOOKUP(B10,'Regioturnier 2'!$N$3:$O$34,2,FALSE)),IF(ISNA(VLOOKUP(B10,'Regioturnier 2'!$R$3:$S$34,2,FALSE))=TRUE,0,VLOOKUP(B10,'Regioturnier 2'!$R$3:$S$34,2,FALSE)), IF(ISNA(VLOOKUP(B10,'Regioturnier 2'!$V$3:$W$34,2,FALSE))=TRUE,0,VLOOKUP(B10,'Regioturnier 2'!$V$3:$W$34,2,FALSE)), IF(ISNA(VLOOKUP(B10,'Regioturnier 2'!$Z$3:$AA$34,2,FALSE))=TRUE,0,VLOOKUP(B10,'Regioturnier 2'!$Z$3:$AA$34,2,FALSE))) -> 195 | Q10: =MAX(IF(ISNA(VLOOKUP(B10,'Regioturnier 3'!$B$3:$C$34,2,FALSE))=TRUE,0,VLOOKUP(B10,'Regioturnier 3'!$B$3:$C$34,2,FALSE)),IF(ISNA(VLOOKUP(B10,'Regioturnier 3'!$F$3:$G$34,2,FALSE))=TRUE,0,VLOOKUP(B10,'Regioturnier 3'!$F$3:$G$34,2,FALSE)),IF(ISNA(VLOOKUP(B10,'Regioturnier 3'!$J$3:$K$34,2,FALSE))=TRUE,0,VLOOKUP(B10,'Regioturnier 3'!$J$3:$K$34,2,FALSE)),IF(ISNA(VLOOKUP(B10,'Regioturnier 3'!$N$3:$O$34,2,FALSE))=TRUE,0,VLOOKUP(B10,'Regioturnier 3'!$N$3:$O$34,2,FALSE)),IF(ISNA(VLOOKUP(B10,'Regioturnier 3'!$R$3:$S$34,2,FALSE))=TRUE,0,VLOOKUP(B10,'Regioturnier 3'!$R$3:$S$34,2,FALSE)), IF(ISNA(VLOOKUP(B10,'Regioturnier 3'!$V$3:$W$34,2,FALSE))=TRUE,0,VLOOKUP(B10,'Regioturnier 3'!$V$3:$W$34,2,FALSE)), IF(ISNA(VLOOKUP(B10,'Regioturnier 3'!$Z$3:$AA$34,2,FALSE))=TRUE,0,VLOOKUP(B10,'Regioturnier 3'!$Z$3:$AA$34,2,FALSE))) -> 0 | R10: =0.5*INDEX($H10:$N10,MATCH(LARGE($H10:$N10,1),$H10:$N10,0))+0.3*INDEX($H10:$N10,MATCH(LARGE($H10:$N10,2),$H10:$N10,0))+0.2*INDEX($H10:$N10,MATCH(LARGE($H10:$N10,3),$H10:$N10,0)) -> 149.4 | S10: =0.6*INDEX(O10:Q10,MATCH(LARGE(O10:Q10,1),O10:Q10,0))+0.4*INDEX(O10:Q10,MATCH(LARGE(O10:Q10,2),O10:Q10,0))+0*INDEX(O10:Q10,MATCH(LARGE(O10:Q10,3),O10:Q10,0)) -> 198 | T10: =1*INDEX(R10:S10,MATCH(LARGE(R10:S10,1),R10:S10,0))+0*INDEX(R10:S10,MATCH(LARGE(R10:S10,2),R10:S10,0)) -> 198
A11: 10 | B11: Felix Sztatecsny | C11: ASV Pressbaum | D11: NÖBV | E11: M | F11: 207993 | G11: 2013 | H11: =MAX(IF(ISNA(VLOOKUP(B11,'WBV 1'!$B$3:$C$34,2,FALSE))=TRUE,0,VLOOKUP(B11,'WBV 1'!$B$3:$C$34,2,FALSE)),IF(ISNA(VLOOKUP(B11,'WBV 1'!$F$3:$G$34,2,FALSE))=TRUE,0,VLOOKUP(B11,'WBV 1'!$F$3:$G$34,2,FALSE)),IF(ISNA(VLOOKUP(B11,'WBV 1'!$J$3:$K$34,2,FALSE))=TRUE,0,VLOOKUP(B11,'WBV 1'!$J$3:$K$34,2,FALSE)),IF(ISNA(VLOOKUP(B11,'WBV 1'!$N$3:$O$34,2,FALSE))=TRUE,0,VLOOKUP(B11,'WBV 1'!$N$3:$O$34,2,FALSE))) -> 0 | I11: =MAX(IF(ISNA(VLOOKUP(B11,'WBV 2'!$B$3:$C$34,2,FALSE))=TRUE,0,VLOOKUP(B11,'WBV 2'!$B$3:$C$34,2,FALSE)),IF(ISNA(VLOOKUP(B11,'WBV 2'!$F$3:$G$34,2,FALSE))=TRUE,0,VLOOKUP(B11,'WBV 2'!$F$3:$G$34,2,FALSE)),IF(ISNA(VLOOKUP(B11,'WBV 2'!$J$3:$K$34,2,FALSE))=TRUE,0,VLOOKUP(B11,'WBV 2'!$J$3:$K$34,2,FALSE)),IF(ISNA(VLOOKUP(B11,'WBV 2'!$N$3:$O$34,2,FALSE))=TRUE,0,VLOOKUP(B11,'WBV 2'!$N$3:$O$34,2,FALSE))) -> 0 | J11: =MAX(IF(ISNA(VLOOKUP(B11,'WBV 3'!$B$3:$C$34,2,FALSE))=TRUE,0,VLOOKUP(B11,'WBV 3'!$B$3:$C$34,2,FALSE)),IF(ISNA(VLOOKUP(B11,'WBV 3'!$F$3:$G$34,2,FALSE))=TRUE,0,VLOOKUP(B11,'WBV 3'!$F$3:$G$34,2,FALSE)),IF(ISNA(VLOOKUP(B11,'WBV 3'!$J$3:$K$34,2,FALSE))=TRUE,0,VLOOKUP(B11,'WBV 3'!$J$3:$K$34,2,FALSE)),IF(ISNA(VLOOKUP(B11,'WBV 3'!$N$3:$O$34,2,FALSE))=TRUE,0,VLOOKUP(B11,'WBV 3'!$N$3:$O$34,2,FALSE))) -> 0 | K11: =MAX(IF(ISNA(VLOOKUP(B11,'WBV 4'!$B$3:$C$34,2,FALSE))=TRUE,0,VLOOKUP(B11,'WBV 4'!$B$3:$C$34,2,FALSE)),IF(ISNA(VLOOKUP(B11,'WBV 4'!$F$3:$G$34,2,FALSE))=TRUE,0,VLOOKUP(B11,'WBV 4'!$F$3:$G$34,2,FALSE)),IF(ISNA(VLOOKUP(B11,'WBV 4'!$J$3:$K$34,2,FALSE))=TRUE,0,VLOOKUP(B11,'WBV 4'!$J$3:$K$34,2,FALSE)),IF(ISNA(VLOOKUP(B11,'WBV 4'!$N$3:$O$34,2,FALSE))=TRUE,0,VLOOKUP(B11,'WBV 4'!$N$3:$O$34,2,FALSE))) -> 0 | L11: =MAX(IF(ISNA(VLOOKUP(B11,'NÖBV 1'!$B$3:$C$34,2,FALSE))=TRUE,0,VLOOKUP(B11,'NÖBV 1'!$B$3:$C$34,2,FALSE)),IF(ISNA(VLOOKUP(B11,'NÖBV 1'!$F$3:$G$34,2,FALSE))=TRUE,0,VLOOKUP(B11,'NÖBV 1'!$F$3:$G$34,2,FALSE)),IF(ISNA(VLOOKUP(B11,'NÖBV 1'!$J$3:$K$34,2,FALSE))=TRUE,0,VLOOKUP(B11,'NÖBV 1'!$J$3:$K$34,2,FALSE)),IF(ISNA(VLOOKUP(B11,'NÖBV 1'!$N$3:$O$34,2,FALSE))=TRUE,0,VLOOKUP(B11,'NÖBV 1'!$N$3:$O$34,2,FALSE))) -> 183 | M11: =MAX(IF(ISNA(VLOOKUP(B11,'NÖBV 2'!$B$3:$C$34,2,FALSE))=TRUE,0,VLOOKUP(B11,'NÖBV 2'!$B$3:$C$34,2,FALSE)),IF(ISNA(VLOOKUP(B11,'NÖBV 2'!$F$3:$G$34,2,FALSE))=TRUE,0,VLOOKUP(B11,'NÖBV 2'!$F$3:$G$34,2,FALSE)),IF(ISNA(VLOOKUP(B11,'NÖBV 2'!$J$3:$K$34,2,FALSE))=TRUE,0,VLOOKUP(B11,'NÖBV 2'!$J$3:$K$34,2,FALSE)),IF(ISNA(VLOOKUP(B11,'NÖBV 2'!$N$3:$O$34,2,FALSE))=TRUE,0,VLOOKUP(B11,'NÖBV 2'!$N$3:$O$34,2,FALSE))) -> 0 | N11: =MAX(IF(ISNA(VLOOKUP(B11,'NÖBV 3'!$B$3:$C$34,2,FALSE))=TRUE,0,VLOOKUP(B11,'NÖBV 3'!$B$3:$C$34,2,FALSE)),IF(ISNA(VLOOKUP(B11,'NÖBV 3'!$F$3:$G$34,2,FALSE))=TRUE,0,VLOOKUP(B11,'NÖBV 3'!$F$3:$G$34,2,FALSE)),IF(ISNA(VLOOKUP(B11,'NÖBV 3'!$J$3:$K$34,2,FALSE))=TRUE,0,VLOOKUP(B11,'NÖBV 3'!$J$3:$K$34,2,FALSE)),IF(ISNA(VLOOKUP(B11,'NÖBV 3'!$N$3:$O$34,2,FALSE))=TRUE,0,VLOOKUP(B11,'NÖBV 3'!$N$3:$O$34,2,FALSE))) -> 0 | O11: =MAX(IF(ISNA(VLOOKUP(B11,'Regioturnier 1'!$B$3:$C$34,2,FALSE))=TRUE,0,VLOOKUP(B11,'Regioturnier 1'!$B$3:$C$34,2,FALSE)),IF(ISNA(VLOOKUP(B11,'Regioturnier 1'!$F$3:$G$34,2,FALSE))=TRUE,0,VLOOKUP(B11,'Regioturnier 1'!$F$3:$G$34,2,FALSE)),IF(ISNA(VLOOKUP(B11,'Regioturnier 1'!$J$3:$K$34,2,FALSE))=TRUE,0,VLOOKUP(B11,'Regioturnier 1'!$J$3:$K$34,2,FALSE)),IF(ISNA(VLOOKUP(B11,'Regioturnier 1'!$N$3:$O$34,2,FALSE))=TRUE,0,VLOOKUP(B11,'Regioturnier 1'!$N$3:$O$34,2,FALSE)),IF(ISNA(VLOOKUP(B11,'Regioturnier 1'!$R$3:$S$34,2,FALSE))=TRUE,0,VLOOKUP(B11,'Regioturnier 1'!$R$3:$S$34,2,FALSE)), IF(ISNA(VLOOKUP(B11,'Regioturnier 1'!$V$3:$W$34,2,FALSE))=TRUE,0,VLOOKUP(B11,'Regioturnier 1'!$V$3:$W$34,2,FALSE)), IF(ISNA(VLOOKUP(B11,'Regioturnier 1'!$Z$3:$AA$34,2,FALSE))=TRUE,0,VLOOKUP(B11,'Regioturnier 1'!$Z$3:$AA$34,2,FALSE))) -> 191 | P11: =MAX(IF(ISNA(VLOOKUP(B11,'Regioturnier 2'!$B$3:$C$34,2,FALSE))=TRUE,0,VLOOKUP(B11,'Regioturnier 2'!$B$3:$C$34,2,FALSE)),IF(ISNA(VLOOKUP(B11,'Regioturnier 2'!$F$3:$G$34,2,FALSE))=TRUE,0,VLOOKUP(B11,'Regioturnier 2'!$F$3:$G$34,2,FALSE)),IF(ISNA(VLOOKUP(B11,'Regioturnier 2'!$J$3:$K$34,2,FALSE))=TRUE,0,VLOOKUP(B11,'Regioturnier 2'!$J$3:$K$34,2,FALSE)),IF(ISNA(VLOOKUP(B11,'Regioturnier 2'!$N$3:$O$34,2,FALSE))=TRUE,0,VLOOKUP(B11,'Regioturnier 2'!$N$3:$O$34,2,FALSE)),IF(ISNA(VLOOKUP(B11,'Regioturnier 2'!$R$3:$S$34,2,FALSE))=TRUE,0,VLOOKUP(B11,'Regioturnier 2'!$R$3:$S$34,2,FALSE)), IF(ISNA(VLOOKUP(B11,'Regioturnier 2'!$V$3:$W$34,2,FALSE))=TRUE,0,VLOOKUP(B11,'Regioturnier 2'!$V$3:$W$34,2,FALSE)), IF(ISNA(VLOOKUP(B11,'Regioturnier 2'!$Z$3:$AA$34,2,FALSE))=TRUE,0,VLOOKUP(B11,'Regioturnier 2'!$Z$3:$AA$34,2,FALSE))) -> 201 | Q11: =MAX(IF(ISNA(VLOOKUP(B11,'Regioturnier 3'!$B$3:$C$34,2,FALSE))=TRUE,0,VLOOKUP(B11,'Regioturnier 3'!$B$3:$C$34,2,FALSE)),IF(ISNA(VLOOKUP(B11,'Regioturnier 3'!$F$3:$G$34,2,FALSE))=TRUE,0,VLOOKUP(B11,'Regioturnier 3'!$F$3:$G$34,2,FALSE)),IF(ISNA(VLOOKUP(B11,'Regioturnier 3'!$J$3:$K$34,2,FALSE))=TRUE,0,VLOOKUP(B11,'Regioturnier 3'!$J$3:$K$34,2,FALSE)),IF(ISNA(VLOOKUP(B11,'Regioturnier 3'!$N$3:$O$34,2,FALSE))=TRUE,0,VLOOKUP(B11,'Regioturnier 3'!$N$3:$O$34,2,FALSE)),IF(ISNA(VLOOKUP(B11,'Regioturnier 3'!$R$3:$S$34,2,FALSE))=TRUE,0,VLOOKUP(B11,'Regioturnier 3'!$R$3:$S$34,2,FALSE)), IF(ISNA(VLOOKUP(B11,'Regioturnier 3'!$V$3:$W$34,2,FALSE))=TRUE,0,VLOOKUP(B11,'Regioturnier 3'!$V$3:$W$34,2,FALSE)), IF(ISNA(VLOOKUP(B11,'Regioturnier 3'!$Z$3:$AA$34,2,FALSE))=TRUE,0,VLOOKUP(B11,'Regioturnier 3'!$Z$3:$AA$34,2,FALSE))) -> 0 | R11: =0.5*INDEX($H11:$N11,MATCH(LARGE($H11:$N11,1),$H11:$N11,0))+0.3*INDEX($H11:$N11,MATCH(LARGE($H11:$N11,2),$H11:$N11,0))+0.2*INDEX($H11:$N11,MATCH(LARGE($H11:$N11,3),$H11:$N11,0)) -> 91.5 | S11: =0.6*INDEX(O11:Q11,MATCH(LARGE(O11:Q11,1),O11:Q11,0))+0.4*INDEX(O11:Q11,MATCH(LARGE(O11:Q11,2),O11:Q11,0))+0*INDEX(O11:Q11,MATCH(LARGE(O11:Q11,3),O11:Q11,0)) -> 197 | T11: =1*INDEX(R11:S11,MATCH(LARGE(R11:S11,1),R11:S11,0))+0*INDEX(R11:S11,MATCH(LARGE(R11:S11,2),R11:S11,0)) -> 197
A12: 11 | B12: Johanna Floßmann | C12: BC St. Pölten | D12: NÖBV | E12: W | F12: 207955 | G12: 2013 | H12: =MAX(IF(ISNA(VLOOKUP(B12,'WBV 1'!$B$3:$C$34,2,FALSE))=TRUE,0,VLOOKUP(B12,'WBV 1'!$B$3:$C$34,2,FALSE)),IF(ISNA(VLOOKUP(B12,'WBV 1'!$F$3:$G$34,2,FALSE))=TRUE,0,VLOOKUP(B12,'WBV 1'!$F$3:$G$34,2,FALSE)),IF(ISNA(VLOOKUP(B12,'WBV 1'!$J$3:$K$34,2,FALSE))=TRUE,0,VLOOKUP(B12,'WBV 1'!$J$3:$K$34,2,FALSE)),IF(ISNA(VLOOKUP(B12,'WBV 1'!$N$3:$O$34,2,FALSE))=TRUE,0,VLOOKUP(B12,'WBV 1'!$N$3:$O$34,2,FALSE))) -> 0 | I12: =MAX(IF(ISNA(VLOOKUP(B12,'WBV 2'!$B$3:$C$34,2,FALSE))=TRUE,0,VLOOKUP(B12,'WBV 2'!$B$3:$C$34,2,FALSE)),IF(ISNA(VLOOKUP(B12,'WBV 2'!$F$3:$G$34,2,FALSE))=TRUE,0,VLOOKUP(B12,'WBV 2'!$F$3:$G$34,2,FALSE)),IF(ISNA(VLOOKUP(B12,'WBV 2'!$J$3:$K$34,2,FALSE))=TRUE,0,VLOOKUP(B12,'WBV 2'!$J$3:$K$34,2,FALSE)),IF(ISNA(VLOOKUP(B12,'WBV 2'!$N$3:$O$34,2,FALSE))=TRUE,0,VLOOKUP(B12,'WBV 2'!$N$3:$O$34,2,FALSE))) -> 0 | J12: =MAX(IF(ISNA(VLOOKUP(B12,'WBV 3'!$B$3:$C$34,2,FALSE))=TRUE,0,VLOOKUP(B12,'WBV 3'!$B$3:$C$34,2,FALSE)),IF(ISNA(VLOOKUP(B12,'WBV 3'!$F$3:$G$34,2,FALSE))=TRUE,0,VLOOKUP(B12,'WBV 3'!$F$3:$G$34,2,FALSE)),IF(ISNA(VLOOKUP(B12,'WBV 3'!$J$3:$K$34,2,FALSE))=TRUE,0,VLOOKUP(B12,'WBV 3'!$J$3:$K$34,2,FALSE)),IF(ISNA(VLOOKUP(B12,'WBV 3'!$N$3:$O$34,2,FALSE))=TRUE,0,VLOOKUP(B12,'WBV 3'!$N$3:$O$34,2,FALSE))) -> 0 | K12: =MAX(IF(ISNA(VLOOKUP(B12,'WBV 4'!$B$3:$C$34,2,FALSE))=TRUE,0,VLOOKUP(B12,'WBV 4'!$B$3:$C$34,2,FALSE)),IF(ISNA(VLOOKUP(B12,'WBV 4'!$F$3:$G$34,2,FALSE))=TRUE,0,VLOOKUP(B12,'WBV 4'!$F$3:$G$34,2,FALSE)),IF(ISNA(VLOOKUP(B12,'WBV 4'!$J$3:$K$34,2,FALSE))=TRUE,0,VLOOKUP(B12,'WBV 4'!$J$3:$K$34,2,FALSE)),IF(ISNA(VLOOKUP(B12,'WBV 4'!$N$3:$O$34,2,FALSE))=TRUE,0,VLOOKUP(B12,'WBV 4'!$N$3:$O$34,2,FALSE))) -> 0 | L12: =MAX(IF(ISNA(VLOOKUP(B12,'NÖBV 1'!$B$3:$C$34,2,FALSE))=TRUE,0,VLOOKUP(B12,'NÖBV 1'!$B$3:$C$34,2,FALSE)),IF(ISNA(VLOOKUP(B12,'NÖBV 1'!$F$3:$G$34,2,FALSE))=TRUE,0,VLOOKUP(B12,'NÖBV 1'!$F$3:$G$34,2,FALSE)),IF(ISNA(VLOOKUP(B12,'NÖBV 1'!$J$3:$K$34,2,FALSE))=TRUE,0,VLOOKUP(B12,'NÖBV 1'!$J$3:$K$34,2,FALSE)),IF(ISNA(VLOOKUP(B12,'NÖBV 1'!$N$3:$O$34,2,FALSE))=TRUE,0,VLOOKUP(B12,'NÖBV 1'!$N$3:$O$34,2,FALSE))) -> 189 | M12: =MAX(IF(ISNA(VLOOKUP(B12,'NÖBV 2'!$B$3:$C$34,2,FALSE))=TRUE,0,VLOOKUP(B12,'NÖBV 2'!$B$3:$C$34,2,FALSE)),IF(ISNA(VLOOKUP(B12,'NÖBV 2'!$F$3:$G$34,2,FALSE))=TRUE,0,VLOOKUP(B12,'NÖBV 2'!$F$3:$G$34,2,FALSE)),IF(ISNA(VLOOKUP(B12,'NÖBV 2'!$J$3:$K$34,2,FALSE))=TRUE,0,VLOOKUP(B12,'NÖBV 2'!$J$3:$K$34,2,FALSE)),IF(ISNA(VLOOKUP(B12,'NÖBV 2'!$N$3:$O$34,2,FALSE))=TRUE,0,VLOOKUP(B12,'NÖBV 2'!$N$3:$O$34,2,FALSE))) -> 187 | N12: =MAX(IF(ISNA(VLOOKUP(B12,'NÖBV 3'!$B$3:$C$34,2,FALSE))=TRUE,0,VLOOKUP(B12,'NÖBV 3'!$B$3:$C$34,2,FALSE)),IF(ISNA(VLOOKUP(B12,'NÖBV 3'!$F$3:$G$34,2,FALSE))=TRUE,0,VLOOKUP(B12,'NÖBV 3'!$F$3:$G$34,2,FALSE)),IF(ISNA(VLOOKUP(B12,'NÖBV 3'!$J$3:$K$34,2,FALSE))=TRUE,0,VLOOKUP(B12,'NÖBV 3'!$J$3:$K$34,2,FALSE)),IF(ISNA(VLOOKUP(B12,'NÖBV 3'!$N$3:$O$34,2,FALSE))=TRUE,0,VLOOKUP(B12,'NÖBV 3'!$N$3:$O$34,2,FALSE))) -> 193 | O12: =MAX(IF(ISNA(VLOOKUP(B12,'Regioturnier 1'!$B$3:$C$34,2,FALSE))=TRUE,0,VLOOKUP(B12,'Regioturnier 1'!$B$3:$C$34,2,FALSE)),IF(ISNA(VLOOKUP(B12,'Regioturnier 1'!$F$3:$G$34,2,FALSE))=TRUE,0,VLOOKUP(B12,'Regioturnier 1'!$F$3:$G$34,2,FALSE)),IF(ISNA(VLOOKUP(B12,'Regioturnier 1'!$J$3:$K$34,2,FALSE))=TRUE,0,VLOOKUP(B12,'Regioturnier 1'!$J$3:$K$34,2,FALSE)),IF(ISNA(VLOOKUP(B12,'Regioturnier 1'!$N$3:$O$34,2,FALSE))=TRUE,0,VLOOKUP(B12,'Regioturnier 1'!$N$3:$O$34,2,FALSE)),IF(ISNA(VLOOKUP(B12,'Regioturnier 1'!$R$3:$S$34,2,FALSE))=TRUE,0,VLOOKUP(B12,'Regioturnier 1'!$R$3:$S$34,2,FALSE)), IF(ISNA(VLOOKUP(B12,'Regioturnier 1'!$V$3:$W$34,2,FALSE))=TRUE,0,VLOOKUP(B12,'Regioturnier 1'!$V$3:$W$34,2,FALSE)), IF(ISNA(VLOOKUP(B12,'Regioturnier 1'!$Z$3:$AA$34,2,FALSE))=TRUE,0,VLOOKUP(B12,'Regioturnier 1'!$Z$3:$AA$34,2,FALSE))) -> 199 | P12: =MAX(IF(ISNA(VLOOKUP(B12,'Regioturnier 2'!$B$3:$C$34,2,FALSE))=TRUE,0,VLOOKUP(B12,'Regioturnier 2'!$B$3:$C$34,2,FALSE)),IF(ISNA(VLOOKUP(B12,'Regioturnier 2'!$F$3:$G$34,2,FALSE))=TRUE,0,VLOOKUP(B12,'Regioturnier 2'!$F$3:$G$34,2,FALSE)),IF(ISNA(VLOOKUP(B12,'Regioturnier 2'!$J$3:$K$34,2,FALSE))=TRUE,0,VLOOKUP(B12,'Regioturnier 2'!$J$3:$K$34,2,FALSE)),IF(ISNA(VLOOKUP(B12,'Regioturnier 2'!$N$3:$O$34,2,FALSE))=TRUE,0,VLOOKUP(B12,'Regioturnier 2'!$N$3:$O$34,2,FALSE)),IF(ISNA(VLOOKUP(B12,'Regioturnier 2'!$R$3:$S$34,2,FALSE))=TRUE,0,VLOOKUP(B12,'Regioturnier 2'!$R$3:$S$34,2,FALSE)), IF(ISNA(VLOOKUP(B12,'Regioturnier 2'!$V$3:$W$34,2,FALSE))=TRUE,0,VLOOKUP(B12,'Regioturnier 2'!$V$3:$W$34,2,FALSE)), IF(ISNA(VLOOKUP(B12,'Regioturnier 2'!$Z$3:$AA$34,2,FALSE))=TRUE,0,VLOOKUP(B12,'Regioturnier 2'!$Z$3:$AA$34,2,FALSE))) -> 185 | Q12: =MAX(IF(ISNA(VLOOKUP(B12,'Regioturnier 3'!$B$3:$C$34,2,FALSE))=TRUE,0,VLOOKUP(B12,'Regioturnier 3'!$B$3:$C$34,2,FALSE)),IF(ISNA(VLOOKUP(B12,'Regioturnier 3'!$F$3:$G$34,2,FALSE))=TRUE,0,VLOOKUP(B12,'Regioturnier 3'!$F$3:$G$34,2,FALSE)),IF(ISNA(VLOOKUP(B12,'Regioturnier 3'!$J$3:$K$34,2,FALSE))=TRUE,0,VLOOKUP(B12,'Regioturnier 3'!$J$3:$K$34,2,FALSE)),IF(ISNA(VLOOKUP(B12,'Regioturnier 3'!$N$3:$O$34,2,FALSE))=TRUE,0,VLOOKUP(B12,'Regioturnier 3'!$N$3:$O$34,2,FALSE)),IF(ISNA(VLOOKUP(B12,'Regioturnier 3'!$R$3:$S$34,2,FALSE))=TRUE,0,VLOOKUP(B12,'Regioturnier 3'!$R$3:$S$34,2,FALSE)), IF(ISNA(VLOOKUP(B12,'Regioturnier 3'!$V$3:$W$34,2,FALSE))=TRUE,0,VLOOKUP(B12,'Regioturnier 3'!$V$3:$W$34,2,FALSE)), IF(ISNA(VLOOKUP(B12,'Regioturnier 3'!$Z$3:$AA$34,2,FALSE))=TRUE,0,VLOOKUP(B12,'Regioturnier 3'!$Z$3:$AA$34,2,FALSE))) -> 0 | R12: =0.5*INDEX($H12:$N12,MATCH(LARGE($H12:$N12,1),$H12:$N12,0))+0.3*INDEX($H12:$N12,MATCH(LARGE($H12:$N12,2),$H12:$N12,0))+0.2*INDEX($H12:$N12,MATCH(LARGE($H12:$N12,3),$H12:$N12,0)) -> 190.6 | S12: =0.6*INDEX(O12:Q12,MATCH(LARGE(O12:Q12,1),O12:Q12,0))+0.4*INDEX(O12:Q12,MATCH(LARGE(O12:Q12,2),O12:Q12,0))+0*INDEX(O12:Q12,MATCH(LARGE(O12:Q12,3),O12:Q12,0)) -> 193.4 | T12: =1*INDEX(R12:S12,MATCH(LARGE(R12:S12,1),R12:S12,0))+0*INDEX(R12:S12,MATCH(LARGE(R12:S12,2),R12:S12,0)) -> 193.4
A13: 12 | B13: Emilia Nagy | C13: VRC | D13: WBV | E13: W | F13: 110747 | G13: 2011 | H13: =MAX(IF(ISNA(VLOOKUP(B13,'WBV 1'!$B$3:$C$34,2,FALSE))=TRUE,0,VLOOKUP(B13,'WBV 1'!$B$3:$C$34,2,FALSE)),IF(ISNA(VLOOKUP(B13,'WBV 1'!$F$3:$G$34,2,FALSE))=TRUE,0,VLOOKUP(B13,'WBV 1'!$F$3:$G$34,2,FALSE)),IF(ISNA(VLOOKUP(B13,'WBV 1'!$J$3:$K$34,2,FALSE))=TRUE,0,VLOOKUP(B13,'WBV 1'!$J$3:$K$34,2,FALSE)),IF(ISNA(VLOOKUP(B13,'WBV 1'!$N$3:$O$34,2,FALSE))=TRUE,0,VLOOKUP(B13,'WBV 1'!$N$3:$O$34,2,FALSE))) -> 181 | I13: =MAX(IF(ISNA(VLOOKUP(B13,'WBV 2'!$B$3:$C$34,2,FALSE))=TRUE,0,VLOOKUP(B13,'WBV 2'!$B$3:$C$34,2,FALSE)),IF(ISNA(VLOOKUP(B13,'WBV 2'!$F$3:$G$34,2,FALSE))=TRUE,0,VLOOKUP(B13,'WBV 2'!$F$3:$G$34,2,FALSE)),IF(ISNA(VLOOKUP(B13,'WBV 2'!$J$3:$K$34,2,FALSE))=TRUE,0,VLOOKUP(B13,'WBV 2'!$J$3:$K$34,2,FALSE)),IF(ISNA(VLOOKUP(B13,'WBV 2'!$N$3:$O$34,2,FALSE))=TRUE,0,VLOOKUP(B13,'WBV 2'!$N$3:$O$34,2,FALSE))) -> 192 | J13: =MAX(IF(ISNA(VLOOKUP(B13,'WBV 3'!$B$3:$C$34,2,FALSE))=TRUE,0,VLOOKUP(B13,'WBV 3'!$B$3:$C$34,2,FALSE)),IF(ISNA(VLOOKUP(B13,'WBV 3'!$F$3:$G$34,2,FALSE))=TRUE,0,VLOOKUP(B13,'WBV 3'!$F$3:$G$34,2,FALSE)),IF(ISNA(VLOOKUP(B13,'WBV 3'!$J$3:$K$34,2,FALSE))=TRUE,0,VLOOKUP(B13,'WBV 3'!$J$3:$K$34,2,FALSE)),IF(ISNA(VLOOKUP(B13,'WBV 3'!$N$3:$O$34,2,FALSE))=TRUE,0,VLOOKUP(B13,'WBV 3'!$N$3:$O$34,2,FALSE))) -> 0 | K13: =MAX(IF(ISNA(VLOOKUP(B13,'WBV 4'!$B$3:$C$34,2,FALSE))=TRUE,0,VLOOKUP(B13,'WBV 4'!$B$3:$C$34,2,FALSE)),IF(ISNA(VLOOKUP(B13,'WBV 4'!$F$3:$G$34,2,FALSE))=TRUE,0,VLOOKUP(B13,'WBV 4'!$F$3:$G$34,2,FALSE)),IF(ISNA(VLOOKUP(B13,'WBV 4'!$J$3:$K$34,2,FALSE))=TRUE,0,VLOOKUP(B13,'WBV 4'!$J$3:$K$34,2,FALSE)),IF(ISNA(VLOOKUP(B13,'WBV 4'!$N$3:$O$34,2,FALSE))=TRUE,0,VLOOKUP(B13,'WBV 4'!$N$3:$O$34,2,FALSE))) -> 0 | L13: =MAX(IF(ISNA(VLOOKUP(B13,'NÖBV 1'!$B$3:$C$34,2,FALSE))=TRUE,0,VLOOKUP(B13,'NÖBV 1'!$B$3:$C$34,2,FALSE)),IF(ISNA(VLOOKUP(B13,'NÖBV 1'!$F$3:$G$34,2,FALSE))=TRUE,0,VLOOKUP(B13,'NÖBV 1'!$F$3:$G$34,2,FALSE)),IF(ISNA(VLOOKUP(B13,'NÖBV 1'!$J$3:$K$34,2,FALSE))=TRUE,0,VLOOKUP(B13,'NÖBV 1'!$J$3:$K$34,2,FALSE)),IF(ISNA(VLOOKUP(B13,'NÖBV 1'!$N$3:$O$34,2,FALSE))=TRUE,0,VLOOKUP(B13,'NÖBV 1'!$N$3:$O$34,2,FALSE))) -> 0 | M13: =MAX(IF(ISNA(VLOOKUP(B13,'NÖBV 2'!$B$3:$C$34,2,FALSE))=TRUE,0,VLOOKUP(B13,'NÖBV 2'!$B$3:$C$34,2,FALSE)),IF(ISNA(VLOOKUP(B13,'NÖBV 2'!$F$3:$G$34,2,FALSE))=TRUE,0,VLOOKUP(B13,'NÖBV 2'!$F$3:$G$34,2,FALSE)),IF(ISNA(VLOOKUP(B13,'NÖBV 2'!$J$3:$K$34,2,FALSE))=TRUE,0,VLOOKUP(B13,'NÖBV 2'!$J$3:$K$34,2,FALSE)),IF(ISNA(VLOOKUP(B13,'NÖBV 2'!$N$3:$O$34,2,FALSE))=TRUE,0,VLOOKUP(B13,'NÖBV 2'!$N$3:$O$34,2,FALSE))) -> 0 | N13: =MAX(IF(ISNA(VLOOKUP(B13,'NÖBV 3'!$B$3:$C$34,2,FALSE))=TRUE,0,VLOOKUP(B13,'NÖBV 3'!$B$3:$C$34,2,FALSE)),IF(ISNA(VLOOKUP(B13,'NÖBV 3'!$F$3:$G$34,2,FALSE))=TRUE,0,VLOOKUP(B13,'NÖBV 3'!$F$3:$G$34,2,FALSE)),IF(ISNA(VLOOKUP(B13,'NÖBV 3'!$J$3:$K$34,2,FALSE))=TRUE,0,VLOOKUP(B13,'NÖBV 3'!$J$3:$K$34,2,FALSE)),IF(ISNA(VLOOKUP(B13,'NÖBV 3'!$N$3:$O$34,2,FALSE))=TRUE,0,VLOOKUP(B13,'NÖBV 3'!$N$3:$O$34,2,FALSE))) -> 0 | O13: =MAX(IF(ISNA(VLOOKUP(B13,'Regioturnier 1'!$B$3:$C$34,2,FALSE))=TRUE,0,VLOOKUP(B13,'Regioturnier 1'!$B$3:$C$34,2,FALSE)),IF(ISNA(VLOOKUP(B13,'Regioturnier 1'!$F$3:$G$34,2,FALSE))=TRUE,0,VLOOKUP(B13,'Regioturnier 1'!$F$3:$G$34,2,FALSE)),IF(ISNA(VLOOKUP(B13,'Regioturnier 1'!$J$3:$K$34,2,FALSE))=TRUE,0,VLOOKUP(B13,'Regioturnier 1'!$J$3:$K$34,2,FALSE)),IF(ISNA(VLOOKUP(B13,'Regioturnier 1'!$N$3:$O$34,2,FALSE))=TRUE,0,VLOOKUP(B13,'Regioturnier 1'!$N$3:$O$34,2,FALSE)),IF(ISNA(VLOOKUP(B13,'Regioturnier 1'!$R$3:$S$34,2,FALSE))=TRUE,0,VLOOKUP(B13,'Regioturnier 1'!$R$3:$S$34,2,FALSE)), IF(ISNA(VLOOKUP(B13,'Regioturnier 1'!$V$3:$W$34,2,FALSE))=TRUE,0,VLOOKUP(B13,'Regioturnier 1'!$V$3:$W$34,2,FALSE)), IF(ISNA(VLOOKUP(B13,'Regioturnier 1'!$Z$3:$AA$34,2,FALSE))=TRUE,0,VLOOKUP(B13,'Regioturnier 1'!$Z$3:$AA$34,2,FALSE))) -> 195 | P13: =MAX(IF(ISNA(VLOOKUP(B13,'Regioturnier 2'!$B$3:$C$34,2,FALSE))=TRUE,0,VLOOKUP(B13,'Regioturnier 2'!$B$3:$C$34,2,FALSE)),IF(ISNA(VLOOKUP(B13,'Regioturnier 2'!$F$3:$G$34,2,FALSE))=TRUE,0,VLOOKUP(B13,'Regioturnier 2'!$F$3:$G$34,2,FALSE)),IF(ISNA(VLOOKUP(B13,'Regioturnier 2'!$J$3:$K$34,2,FALSE))=TRUE,0,VLOOKUP(B13,'Regioturnier 2'!$J$3:$K$34,2,FALSE)),IF(ISNA(VLOOKUP(B13,'Regioturnier 2'!$N$3:$O$34,2,FALSE))=TRUE,0,VLOOKUP(B13,'Regioturnier 2'!$N$3:$O$34,2,FALSE)),IF(ISNA(VLOOKUP(B13,'Regioturnier 2'!$R$3:$S$34,2,FALSE))=TRUE,0,VLOOKUP(B13,'Regioturnier 2'!$R$3:$S$34,2,FALSE)), IF(ISNA(VLOOKUP(B13,'Regioturnier 2'!$V$3:$W$34,2,FALSE))=TRUE,0,VLOOKUP(B13,'Regioturnier 2'!$V$3:$W$34,2,FALSE)), IF(ISNA(VLOOKUP(B13,'Regioturnier 2'!$Z$3:$AA$34,2,FALSE))=TRUE,0,VLOOKUP(B13,'Regioturnier 2'!$Z$3:$AA$34,2,FALSE))) -> 190 | Q13: =MAX(IF(ISNA(VLOOKUP(B13,'Regioturnier 3'!$B$3:$C$34,2,FALSE))=TRUE,0,VLOOKUP(B13,'Regioturnier 3'!$B$3:$C$34,2,FALSE)),IF(ISNA(VLOOKUP(B13,'Regioturnier 3'!$F$3:$G$34,2,FALSE))=TRUE,0,VLOOKUP(B13,'Regioturnier 3'!$F$3:$G$34,2,FALSE)),IF(ISNA(VLOOKUP(B13,'Regioturnier 3'!$J$3:$K$34,2,FALSE))=TRUE,0,VLOOKUP(B13,'Regioturnier 3'!$J$3:$K$34,2,FALSE)),IF(ISNA(VLOOKUP(B13,'Regioturnier 3'!$N$3:$O$34,2,FALSE))=TRUE,0,VLOOKUP(B13,'Regioturnier 3'!$N$3:$O$34,2,FALSE)),IF(ISNA(VLOOKUP(B13,'Regioturnier 3'!$R$3:$S$34,2,FALSE))=TRUE,0,VLOOKUP(B13,'Regioturnier 3'!$R$3:$S$34,2,FALSE)), IF(ISNA(VLOOKUP(B13,'Regioturnier 3'!$V$3:$W$34,2,FALSE))=TRUE,0,VLOOKUP(B13,'Regioturnier 3'!$V$3:$W$34,2,FALSE)), IF(ISNA(VLOOKUP(B13,'Regioturnier 3'!$Z$3:$AA$34,2,FALSE))=TRUE,0,VLOOKUP(B13,'Regioturnier 3'!$Z$3:$AA$34,2,FALSE))) -> 0 | R13: =0.5*INDEX($H13:$N13,MATCH(LARGE($H13:$N13,1),$H13:$N13,0))+0.3*INDEX($H13:$N13,MATCH(LARGE($H13:$N13,2),$H13:$N13,0))+0.2*INDEX($H13:$N13,MATCH(LARGE($H13:$N13,3),$H13:$N13,0)) -> 150.3 | S13: =0.6*INDEX(O13:Q13,MATCH(LARGE(O13:Q13,1),O13:Q13,0))+0.4*INDEX(O13:Q13,MATCH(LARGE(O13:Q13,2),O13:Q13,0))+0*INDEX(O13:Q13,MATCH(LARGE(O13:Q13,3),O13:Q13,0)) -> 193 | T13: =1*INDEX(R13:S13,MATCH(LARGE(R13:S13,1),R13:S13,0))+0*INDEX(R13:S13,MATCH(LARGE(R13:S13,2),R13:S13,0)) -> 193
A14: 13 | B14: Mina Ruenroeng | C14: Badminton Point Vienna | D14: WBV | E14: W | F14: 111954 | G14: 2009 | H14: =MAX(IF(ISNA(VLOOKUP(B14,'WBV 1'!$B$3:$C$34,2,FALSE))=TRUE,0,VLOOKUP(B14,'WBV 1'!$B$3:$C$34,2,FALSE)),IF(ISNA(VLOOKUP(B14,'WBV 1'!$F$3:$G$34,2,FALSE))=TRUE,0,VLOOKUP(B14,'WBV 1'!$F$3:$G$34,2,FALSE)),IF(ISNA(VLOOKUP(B14,'WBV 1'!$J$3:$K$34,2,FALSE))=TRUE,0,VLOOKUP(B14,'WBV 1'!$J$3:$K$34,2,FALSE)),IF(ISNA(VLOOKUP(B14,'WBV 1'!$N$3:$O$34,2,FALSE))=TRUE,0,VLOOKUP(B14,'WBV 1'!$N$3:$O$34,2,FALSE))) -> 187 | I14: =MAX(IF(ISNA(VLOOKUP(B14,'WBV 2'!$B$3:$C$34,2,FALSE))=TRUE,0,VLOOKUP(B14,'WBV 2'!$B$3:$C$34,2,FALSE)),IF(ISNA(VLOOKUP(B14,'WBV 2'!$F$3:$G$34,2,FALSE))=TRUE,0,VLOOKUP(B14,'WBV 2'!$F$3:$G$34,2,FALSE)),IF(ISNA(VLOOKUP(B14,'WBV 2'!$J$3:$K$34,2,FALSE))=TRUE,0,VLOOKUP(B14,'WBV 2'!$J$3:$K$34,2,FALSE)),IF(ISNA(VLOOKUP(B14,'WBV 2'!$N$3:$O$34,2,FALSE))=TRUE,0,VLOOKUP(B14,'WBV 2'!$N$3:$O$34,2,FALSE))) -> 189 | J14: =MAX(IF(ISNA(VLOOKUP(B14,'WBV 3'!$B$3:$C$34,2,FALSE))=TRUE,0,VLOOKUP(B14,'WBV 3'!$B$3:$C$34,2,FALSE)),IF(ISNA(VLOOKUP(B14,'WBV 3'!$F$3:$G$34,2,FALSE))=TRUE,0,VLOOKUP(B14,'WBV 3'!$F$3:$G$34,2,FALSE)),IF(ISNA(VLOOKUP(B14,'WBV 3'!$J$3:$K$34,2,FALSE))=TRUE,0,VLOOKUP(B14,'WBV 3'!$J$3:$K$34,2,FALSE)),IF(ISNA(VLOOKUP(B14,'WBV 3'!$N$3:$O$34,2,FALSE))=TRUE,0,VLOOKUP(B14,'WBV 3'!$N$3:$O$34,2,FALSE))) -> 194 | K14: =MAX(IF(ISNA(VLOOKUP(B14,'WBV 4'!$B$3:$C$34,2,FALSE))=TRUE,0,VLOOKUP(B14,'WBV 4'!$B$3:$C$34,2,FALSE)),IF(ISNA(VLOOKUP(B14,'WBV 4'!$F$3:$G$34,2,FALSE))=TRUE,0,VLOOKUP(B14,'WBV 4'!$F$3:$G$34,2,FALSE)),IF(ISNA(VLOOKUP(B14,'WBV 4'!$J$3:$K$34,2,FALSE))=TRUE,0,VLOOKUP(B14,'WBV 4'!$J$3:$K$34,2,FALSE)),IF(ISNA(VLOOKUP(B14,'WBV 4'!$N$3:$O$34,2,FALSE))=TRUE,0,VLOOKUP(B14,'WBV 4'!$N$3:$O$34,2,FALSE))) -> 0 | L14: =MAX(IF(ISNA(VLOOKUP(B14,'NÖBV 1'!$B$3:$C$34,2,FALSE))=TRUE,0,VLOOKUP(B14,'NÖBV 1'!$B$3:$C$34,2,FALSE)),IF(ISNA(VLOOKUP(B14,'NÖBV 1'!$F$3:$G$34,2,FALSE))=TRUE,0,VLOOKUP(B14,'NÖBV 1'!$F$3:$G$34,2,FALSE)),IF(ISNA(VLOOKUP(B14,'NÖBV 1'!$J$3:$K$34,2,FALSE))=TRUE,0,VLOOKUP(B14,'NÖBV 1'!$J$3:$K$34,2,FALSE)),IF(ISNA(VLOOKUP(B14,'NÖBV 1'!$N$3:$O$34,2,FALSE))=TRUE,0,VLOOKUP(B14,'NÖBV 1'!$N$3:$O$34,2,FALSE))) -> 0 | M14: =MAX(IF(ISNA(VLOOKUP(B14,'NÖBV 2'!$B$3:$C$34,2,FALSE))=TRUE,0,VLOOKUP(B14,'NÖBV 2'!$B$3:$C$34,2,FALSE)),IF(ISNA(VLOOKUP(B14,'NÖBV 2'!$F$3:$G$34,2,FALSE))=TRUE,0,VLOOKUP(B14,'NÖBV 2'!$F$3:$G$34,2,FALSE)),IF(ISNA(VLOOKUP(B14,'NÖBV 2'!$J$3:$K$34,2,FALSE))=TRUE,0,VLOOKUP(B14,'NÖBV 2'!$J$3:$K$34,2,FALSE)),IF(ISNA(VLOOKUP(B14,'NÖBV 2'!$N$3:$O$34,2,FALSE))=TRUE,0,VLOOKUP(B14,'NÖBV 2'!$N$3:$O$34,2,FALSE))) -> 0 | N14: =MAX(IF(ISNA(VLOOKUP(B14,'NÖBV 3'!$B$3:$C$34,2,FALSE))=TRUE,0,VLOOKUP(B14,'NÖBV 3'!$B$3:$C$34,2,FALSE)),IF(ISNA(VLOOKUP(B14,'NÖBV 3'!$F$3:$G$34,2,FALSE))=TRUE,0,VLOOKUP(B14,'NÖBV 3'!$F$3:$G$34,2,FALSE)),IF(ISNA(VLOOKUP(B14,'NÖBV 3'!$J$3:$K$34,2,FALSE))=TRUE,0,VLOOKUP(B14,'NÖBV 3'!$J$3:$K$34,2,FALSE)),IF(ISNA(VLOOKUP(B14,'NÖBV 3'!$N$3:$O$34,2,FALSE))=TRUE,0,VLOOKUP(B14,'NÖBV 3'!$N$3:$O$34,2,FALSE))) -> 0 | O14: =MAX(IF(ISNA(VLOOKUP(B14,'Regioturnier 1'!$B$3:$C$34,2,FALSE))=TRUE,0,VLOOKUP(B14,'Regioturnier 1'!$B$3:$C$34,2,FALSE)),IF(ISNA(VLOOKUP(B14,'Regioturnier 1'!$F$3:$G$34,2,FALSE))=TRUE,0,VLOOKUP(B14,'Regioturnier 1'!$F$3:$G$34,2,FALSE)),IF(ISNA(VLOOKUP(B14,'Regioturnier 1'!$J$3:$K$34,2,FALSE))=TRUE,0,VLOOKUP(B14,'Regioturnier 1'!$J$3:$K$34,2,FALSE)),IF(ISNA(VLOOKUP(B14,'Regioturnier 1'!$N$3:$O$34,2,FALSE))=TRUE,0,VLOOKUP(B14,'Regioturnier 1'!$N$3:$O$34,2,FALSE)),IF(ISNA(VLOOKUP(B14,'Regioturnier 1'!$R$3:$S$34,2,FALSE))=TRUE,0,VLOOKUP(B14,'Regioturnier 1'!$R$3:$S$34,2,FALSE)), IF(ISNA(VLOOKUP(B14,'Regioturnier 1'!$V$3:$W$34,2,FALSE))=TRUE,0,VLOOKUP(B14,'Regioturnier 1'!$V$3:$W$34,2,FALSE)), IF(ISNA(VLOOKUP(B14,'Regioturnier 1'!$Z$3:$AA$34,2,FALSE))=TRUE,0,VLOOKUP(B14,'Regioturnier 1'!$Z$3:$AA$34,2,FALSE))) -> 185 | P14: =MAX(IF(ISNA(VLOOKUP(B14,'Regioturnier 2'!$B$3:$C$34,2,FALSE))=TRUE,0,VLOOKUP(B14,'Regioturnier 2'!$B$3:$C$34,2,FALSE)),IF(ISNA(VLOOKUP(B14,'Regioturnier 2'!$F$3:$G$34,2,FALSE))=TRUE,0,VLOOKUP(B14,'Regioturnier 2'!$F$3:$G$34,2,FALSE)),IF(ISNA(VLOOKUP(B14,'Regioturnier 2'!$J$3:$K$34,2,FALSE))=TRUE,0,VLOOKUP(B14,'Regioturnier 2'!$J$3:$K$34,2,FALSE)),IF(ISNA(VLOOKUP(B14,'Regioturnier 2'!$N$3:$O$34,2,FALSE))=TRUE,0,VLOOKUP(B14,'Regioturnier 2'!$N$3:$O$34,2,FALSE)),IF(ISNA(VLOOKUP(B14,'Regioturnier 2'!$R$3:$S$34,2,FALSE))=TRUE,0,VLOOKUP(B14,'Regioturnier 2'!$R$3:$S$34,2,FALSE)), IF(ISNA(VLOOKUP(B14,'Regioturnier 2'!$V$3:$W$34,2,FALSE))=TRUE,0,VLOOKUP(B14,'Regioturnier 2'!$V$3:$W$34,2,FALSE)), IF(ISNA(VLOOKUP(B14,'Regioturnier 2'!$Z$3:$AA$34,2,FALSE))=TRUE,0,VLOOKUP(B14,'Regioturnier 2'!$Z$3:$AA$34,2,FALSE))) -> 0 | Q14: =MAX(IF(ISNA(VLOOKUP(B14,'Regioturnier 3'!$B$3:$C$34,2,FALSE))=TRUE,0,VLOOKUP(B14,'Regioturnier 3'!$B$3:$C$34,2,FALSE)),IF(ISNA(VLOOKUP(B14,'Regioturnier 3'!$F$3:$G$34,2,FALSE))=TRUE,0,VLOOKUP(B14,'Regioturnier 3'!$F$3:$G$34,2,FALSE)),IF(ISNA(VLOOKUP(B14,'Regioturnier 3'!$J$3:$K$34,2,FALSE))=TRUE,0,VLOOKUP(B14,'Regioturnier 3'!$J$3:$K$34,2,FALSE)),IF(ISNA(VLOOKUP(B14,'Regioturnier 3'!$N$3:$O$34,2,FALSE))=TRUE,0,VLOOKUP(B14,'Regioturnier 3'!$N$3:$O$34,2,FALSE)),IF(ISNA(VLOOKUP(B14,'Regioturnier 3'!$R$3:$S$34,2,FALSE))=TRUE,0,VLOOKUP(B14,'Regioturnier 3'!$R$3:$S$34,2,FALSE)), IF(ISNA(VLOOKUP(B14,'Regioturnier 3'!$V$3:$W$34,2,FALSE))=TRUE,0,VLOOKUP(B14,'Regioturnier 3'!$V$3:$W$34,2,FALSE)), IF(ISNA(VLOOKUP(B14,'Regioturnier 3'!$Z$3:$AA$34,2,FALSE))=TRUE,0,VLOOKUP(B14,'Regioturnier 3'!$Z$3:$AA$34,2,FALSE))) -> 0 | R14: =0.5*INDEX($H14:$N14,MATCH(LARGE($H14:$N14,1),$H14:$N14,0))+0.3*INDEX($H14:$N14,MATCH(LARGE($H14:$N14,2),$H14:$N14,0))+0.2*INDEX($H14:$N14,MATCH(LARGE($H14:$N14,3),$H14:$N14,0)) -> 191.1 | S14: =0.6*INDEX(O14:Q14,MATCH(LARGE(O14:Q14,1),O14:Q14,0))+0.4*INDEX(O14:Q14,MATCH(LARGE(O14:Q14,2),O14:Q14,0))+0*INDEX(O14:Q14,MATCH(LARGE(O14:Q14,3),O14:Q14,0)) -> 111 | T14: =1*INDEX(R14:S14,MATCH(LARGE(R14:S14,1),R14:S14,0))+0*INDEX(R14:S14,MATCH(LARGE(R14:S14,2),R14:S14,0)) -> 191.1
A15: 14 | B15: Lola Ahammer | C15: WBH WIEN | D15: WBV | E15: W | F15: 109268 | G15: 2011 | H15: =MAX(IF(ISNA(VLOOKUP(B15,'WBV 1'!$B$3:$C$34,2,FALSE))=TRUE,0,VLOOKUP(B15,'WBV 1'!$B$3:$C$34,2,FALSE)),IF(ISNA(VLOOKUP(B15,'WBV 1'!$F$3:$G$34,2,FALSE))=TRUE,0,VLOOKUP(B15,'WBV 1'!$F$3:$G$34,2,FALSE)),IF(ISNA(VLOOKUP(B15,'WBV 1'!$J$3:$K$34,2,FALSE))=TRUE,0,VLOOKUP(B15,'WBV 1'!$J$3:$K$34,2,FALSE)),IF(ISNA(VLOOKUP(B15,'WBV 1'!$N$3:$O$34,2,FALSE))=TRUE,0,VLOOKUP(B15,'WBV 1'!$N$3:$O$34,2,FALSE))) -> 0 | I15: =MAX(IF(ISNA(VLOOKUP(B15,'WBV 2'!$B$3:$C$34,2,FALSE))=TRUE,0,VLOOKUP(B15,'WBV 2'!$B$3:$C$34,2,FALSE)),IF(ISNA(VLOOKUP(B15,'WBV 2'!$F$3:$G$34,2,FALSE))=TRUE,0,VLOOKUP(B15,'WBV 2'!$F$3:$G$34,2,FALSE)),IF(ISNA(VLOOKUP(B15,'WBV 2'!$J$3:$K$34,2,FALSE))=TRUE,0,VLOOKUP(B15,'WBV 2'!$J$3:$K$34,2,FALSE)),IF(ISNA(VLOOKUP(B15,'WBV 2'!$N$3:$O$34,2,FALSE))=TRUE,0,VLOOKUP(B15,'WBV 2'!$N$3:$O$34,2,FALSE))) -> 177 | J15: =MAX(IF(ISNA(VLOOKUP(B15,'WBV 3'!$B$3:$C$34,2,FALSE))=TRUE,0,VLOOKUP(B15,'WBV 3'!$B$3:$C$34,2,FALSE)),IF(ISNA(VLOOKUP(B15,'WBV 3'!$F$3:$G$34,2,FALSE))=TRUE,0,VLOOKUP(B15,'WBV 3'!$F$3:$G$34,2,FALSE)),IF(ISNA(VLOOKUP(B15,'WBV 3'!$J$3:$K$34,2,FALSE))=TRUE,0,VLOOKUP(B15,'WBV 3'!$J$3:$K$34,2,FALSE)),IF(ISNA(VLOOKUP(B15,'WBV 3'!$N$3:$O$34,2,FALSE))=TRUE,0,VLOOKUP(B15,'WBV 3'!$N$3:$O$34,2,FALSE))) -> 0 | K15: =MAX(IF(ISNA(VLOOKUP(B15,'WBV 4'!$B$3:$C$34,2,FALSE))=TRUE,0,VLOOKUP(B15,'WBV 4'!$B$3:$C$34,2,FALSE)),IF(ISNA(VLOOKUP(B15,'WBV 4'!$F$3:$G$34,2,FALSE))=TRUE,0,VLOOKUP(B15,'WBV 4'!$F$3:$G$34,2,FALSE)),IF(ISNA(VLOOKUP(B15,'WBV 4'!$J$3:$K$34,2,FALSE))=TRUE,0,VLOOKUP(B15,'WBV 4'!$J$3:$K$34,2,FALSE)),IF(ISNA(VLOOKUP(B15,'WBV 4'!$N$3:$O$34,2,FALSE))=TRUE,0,VLOOKUP(B15,'WBV 4'!$N$3:$O$34,2,FALSE))) -> 0 | L15: =MAX(IF(ISNA(VLOOKUP(B15,'NÖBV 1'!$B$3:$C$34,2,FALSE))=TRUE,0,VLOOKUP(B15,'NÖBV 1'!$B$3:$C$34,2,FALSE)),IF(ISNA(VLOOKUP(B15,'NÖBV 1'!$F$3:$G$34,2,FALSE))=TRUE,0,VLOOKUP(B15,'NÖBV 1'!$F$3:$G$34,2,FALSE)),IF(ISNA(VLOOKUP(B15,'NÖBV 1'!$J$3:$K$34,2,FALSE))=TRUE,0,VLOOKUP(B15,'NÖBV 1'!$J$3:$K$34,2,FALSE)),IF(ISNA(VLOOKUP(B15,'NÖBV 1'!$N$3:$O$34,2,FALSE))=TRUE,0,VLOOKUP(B15,'NÖBV 1'!$N$3:$O$34,2,FALSE))) -> 0 | M15: =MAX(IF(ISNA(VLOOKUP(B15,'NÖBV 2'!$B$3:$C$34,2,FALSE))=TRUE,0,VLOOKUP(B15,'NÖBV 2'!$B$3:$C$34,2,FALSE)),IF(ISNA(VLOOKUP(B15,'NÖBV 2'!$F$3:$G$34,2,FALSE))=TRUE,0,VLOOKUP(B15,'NÖBV 2'!$F$3:$G$34,2,FALSE)),IF(ISNA(VLOOKUP(B15,'NÖBV 2'!$J$3:$K$34,2,FALSE))=TRUE,0,VLOOKUP(B15,'NÖBV 2'!$J$3:$K$34,2,FALSE)),IF(ISNA(VLOOKUP(B15,'NÖBV 2'!$N$3:$O$34,2,FALSE))=TRUE,0,VLOOKUP(B15,'NÖBV 2'!$N$3:$O$34,2,FALSE))) -> 0 | N15: =MAX(IF(ISNA(VLOOKUP(B15,'NÖBV 3'!$B$3:$C$34,2,FALSE))=TRUE,0,VLOOKUP(B15,'NÖBV 3'!$B$3:$C$34,2,FALSE)),IF(ISNA(VLOOKUP(B15,'NÖBV 3'!$F$3:$G$34,2,FALSE))=TRUE,0,VLOOKUP(B15,'NÖBV 3'!$F$3:$G$34,2,FALSE)),IF(ISNA(VLOOKUP(B15,'NÖBV 3'!$J$3:$K$34,2,FALSE))=TRUE,0,VLOOKUP(B15,'NÖBV 3'!$J$3:$K$34,2,FALSE)),IF(ISNA(VLOOKUP(B15,'NÖBV 3'!$N$3:$O$34,2,FALSE))=TRUE,0,VLOOKUP(B15,'NÖBV 3'!$N$3:$O$34,2,FALSE))) -> 0 | O15: =MAX(IF(ISNA(VLOOKUP(B15,'Regioturnier 1'!$B$3:$C$34,2,FALSE))=TRUE,0,VLOOKUP(B15,'Regioturnier 1'!$B$3:$C$34,2,FALSE)),IF(ISNA(VLOOKUP(B15,'Regioturnier 1'!$F$3:$G$34,2,FALSE))=TRUE,0,VLOOKUP(B15,'Regioturnier 1'!$F$3:$G$34,2,FALSE)),IF(ISNA(VLOOKUP(B15,'Regioturnier 1'!$J$3:$K$34,2,FALSE))=TRUE,0,VLOOKUP(B15,'Regioturnier 1'!$J$3:$K$34,2,FALSE)),IF(ISNA(VLOOKUP(B15,'Regioturnier 1'!$N$3:$O$34,2,FALSE))=TRUE,0,VLOOKUP(B15,'Regioturnier 1'!$N$3:$O$34,2,FALSE)),IF(ISNA(VLOOKUP(B15,'Regioturnier 1'!$R$3:$S$34,2,FALSE))=TRUE,0,VLOOKUP(B15,'Regioturnier 1'!$R$3:$S$34,2,FALSE)), IF(ISNA(VLOOKUP(B15,'Regioturnier 1'!$V$3:$W$34,2,FALSE))=TRUE,0,VLOOKUP(B15,'Regioturnier 1'!$V$3:$W$34,2,FALSE)), IF(ISNA(VLOOKUP(B15,'Regioturnier 1'!$Z$3:$AA$34,2,FALSE))=TRUE,0,VLOOKUP(B15,'Regioturnier 1'!$Z$3:$AA$34,2,FALSE))) -> 194 | P15: =MAX(IF(ISNA(VLOOKUP(B15,'Regioturnier 2'!$B$3:$C$34,2,FALSE))=TRUE,0,VLOOKUP(B15,'Regioturnier 2'!$B$3:$C$34,2,FALSE)),IF(ISNA(VLOOKUP(B15,'Regioturnier 2'!$F$3:$G$34,2,FALSE))=TRUE,0,VLOOKUP(B15,'Regioturnier 2'!$F$3:$G$34,2,FALSE)),IF(ISNA(VLOOKUP(B15,'Regioturnier 2'!$J$3:$K$34,2,FALSE))=TRUE,0,VLOOKUP(B15,'Regioturnier 2'!$J$3:$K$34,2,FALSE)),IF(ISNA(VLOOKUP(B15,'Regioturnier 2'!$N$3:$O$34,2,FALSE))=TRUE,0,VLOOKUP(B15,'Regioturnier 2'!$N$3:$O$34,2,FALSE)),IF(ISNA(VLOOKUP(B15,'Regioturnier 2'!$R$3:$S$34,2,FALSE))=TRUE,0,VLOOKUP(B15,'Regioturnier 2'!$R$3:$S$34,2,FALSE)), IF(ISNA(VLOOKUP(B15,'Regioturnier 2'!$V$3:$W$34,2,FALSE))=TRUE,0,VLOOKUP(B15,'Regioturnier 2'!$V$3:$W$34,2,FALSE)), IF(ISNA(VLOOKUP(B15,'Regioturnier 2'!$Z$3:$AA$34,2,FALSE))=TRUE,0,VLOOKUP(B15,'Regioturnier 2'!$Z$3:$AA$34,2,FALSE))) -> 180 | Q15: =MAX(IF(ISNA(VLOOKUP(B15,'Regioturnier 3'!$B$3:$C$34,2,FALSE))=TRUE,0,VLOOKUP(B15,'Regioturnier 3'!$B$3:$C$34,2,FALSE)),IF(ISNA(VLOOKUP(B15,'Regioturnier 3'!$F$3:$G$34,2,FALSE))=TRUE,0,VLOOKUP(B15,'Regioturnier 3'!$F$3:$G$34,2,FALSE)),IF(ISNA(VLOOKUP(B15,'Regioturnier 3'!$J$3:$K$34,2,FALSE))=TRUE,0,VLOOKUP(B15,'Regioturnier 3'!$J$3:$K$34,2,FALSE)),IF(ISNA(VLOOKUP(B15,'Regioturnier 3'!$N$3:$O$34,2,FALSE))=TRUE,0,VLOOKUP(B15,'Regioturnier 3'!$N$3:$O$34,2,FALSE)),IF(ISNA(VLOOKUP(B15,'Regioturnier 3'!$R$3:$S$34,2,FALSE))=TRUE,0,VLOOKUP(B15,'Regioturnier 3'!$R$3:$S$34,2,FALSE)), IF(ISNA(VLOOKUP(B15,'Regioturnier 3'!$V$3:$W$34,2,FALSE))=TRUE,0,VLOOKUP(B15,'Regioturnier 3'!$V$3:$W$34,2,FALSE)), IF(ISNA(VLOOKUP(B15,'Regioturnier 3'!$Z$3:$AA$34,2,FALSE))=TRUE,0,VLOOKUP(B15,'Regioturnier 3'!$Z$3:$AA$34,2,FALSE))) -> 0 | R15: =0.5*INDEX($H15:$N15,MATCH(LARGE($H15:$N15,1),$H15:$N15,0))+0.3*INDEX($H15:$N15,MATCH(LARGE($H15:$N15,2),$H15:$N15,0))+0.2*INDEX($H15:$N15,MATCH(LARGE($H15:$N15,3),$H15:$N15,0)) -> 88.5 | S15: =0.6*INDEX(O15:Q15,MATCH(LARGE(O15:Q15,1),O15:Q15,0))+0.4*INDEX(O15:Q15,MATCH(LARGE(O15:Q15,2),O15:Q15,0))+0*INDEX(O15:Q15,MATCH(LARGE(O15:Q15,3),O15:Q15,0)) -> 188.4 | T15: =1*INDEX(R15:S15,MATCH(LARGE(R15:S15,1),R15:S15,0))+0*INDEX(R15:S15,MATCH(LARGE(R15:S15,2),R15:S15,0)) -> 188.4
A16: 15 | B16: Levin Anderwald | C16: VRC | D16: WBV | E16: M | F16: 110889 | G16: 2012 | H16: =MAX(IF(ISNA(VLOOKUP(B16,'WBV 1'!$B$3:$C$34,2,FALSE))=TRUE,0,VLOOKUP(B16,'WBV 1'!$B$3:$C$34,2,FALSE)),IF(ISNA(VLOOKUP(B16,'WBV 1'!$F$3:$G$34,2,FALSE))=TRUE,0,VLOOKUP(B16,'WBV 1'!$F$3:$G$34,2,FALSE)),IF(ISNA(VLOOKUP(B16,'WBV 1'!$J$3:$K$34,2,FALSE))=TRUE,0,VLOOKUP(B16,'WBV 1'!$J$3:$K$34,2,FALSE)),IF(ISNA(VLOOKUP(B16,'WBV 1'!$N$3:$O$34,2,FALSE))=TRUE,0,VLOOKUP(B16,'WBV 1'!$N$3:$O$34,2,FALSE))) -> 184 | I16: =MAX(IF(ISNA(VLOOKUP(B16,'WBV 2'!$B$3:$C$34,2,FALSE))=TRUE,0,VLOOKUP(B16,'WBV 2'!$B$3:$C$34,2,FALSE)),IF(ISNA(VLOOKUP(B16,'WBV 2'!$F$3:$G$34,2,FALSE))=TRUE,0,VLOOKUP(B16,'WBV 2'!$F$3:$G$34,2,FALSE)),IF(ISNA(VLOOKUP(B16,'WBV 2'!$J$3:$K$34,2,FALSE))=TRUE,0,VLOOKUP(B16,'WBV 2'!$J$3:$K$34,2,FALSE)),IF(ISNA(VLOOKUP(B16,'WBV 2'!$N$3:$O$34,2,FALSE))=TRUE,0,VLOOKUP(B16,'WBV 2'!$N$3:$O$34,2,FALSE))) -> 181 | J16: =MAX(IF(ISNA(VLOOKUP(B16,'WBV 3'!$B$3:$C$34,2,FALSE))=TRUE,0,VLOOKUP(B16,'WBV 3'!$B$3:$C$34,2,FALSE)),IF(ISNA(VLOOKUP(B16,'WBV 3'!$F$3:$G$34,2,FALSE))=TRUE,0,VLOOKUP(B16,'WBV 3'!$F$3:$G$34,2,FALSE)),IF(ISNA(VLOOKUP(B16,'WBV 3'!$J$3:$K$34,2,FALSE))=TRUE,0,VLOOKUP(B16,'WBV 3'!$J$3:$K$34,2,FALSE)),IF(ISNA(VLOOKUP(B16,'WBV 3'!$N$3:$O$34,2,FALSE))=TRUE,0,VLOOKUP(B16,'WBV 3'!$N$3:$O$34,2,FALSE))) -> 192 | K16: =MAX(IF(ISNA(VLOOKUP(B16,'WBV 4'!$B$3:$C$34,2,FALSE))=TRUE,0,VLOOKUP(B16,'WBV 4'!$B$3:$C$34,2,FALSE)),IF(ISNA(VLOOKUP(B16,'WBV 4'!$F$3:$G$34,2,FALSE))=TRUE,0,VLOOKUP(B16,'WBV 4'!$F$3:$G$34,2,FALSE)),IF(ISNA(VLOOKUP(B16,'WBV 4'!$J$3:$K$34,2,FALSE))=TRUE,0,VLOOKUP(B16,'WBV 4'!$J$3:$K$34,2,FALSE)),IF(ISNA(VLOOKUP(B16,'WBV 4'!$N$3:$O$34,2,FALSE))=TRUE,0,VLOOKUP(B16,'WBV 4'!$N$3:$O$34,2,FALSE))) -> 0 | L16: =MAX(IF(ISNA(VLOOKUP(B16,'NÖBV 1'!$B$3:$C$34,2,FALSE))=TRUE,0,VLOOKUP(B16,'NÖBV 1'!$B$3:$C$34,2,FALSE)),IF(ISNA(VLOOKUP(B16,'NÖBV 1'!$F$3:$G$34,2,FALSE))=TRUE,0,VLOOKUP(B16,'NÖBV 1'!$F$3:$G$34,2,FALSE)),IF(ISNA(VLOOKUP(B16,'NÖBV 1'!$J$3:$K$34,2,FALSE))=TRUE,0,VLOOKUP(B16,'NÖBV 1'!$J$3:$K$34,2,FALSE)),IF(ISNA(VLOOKUP(B16,'NÖBV 1'!$N$3:$O$34,2,FALSE))=TRUE,0,VLOOKUP(B16,'NÖBV 1'!$N$3:$O$34,2,FALSE))) -> 0 | M16: =MAX(IF(ISNA(VLOOKUP(B16,'NÖBV 2'!$B$3:$C$34,2,FALSE))=TRUE,0,VLOOKUP(B16,'NÖBV 2'!$B$3:$C$34,2,FALSE)),IF(ISNA(VLOOKUP(B16,'NÖBV 2'!$F$3:$G$34,2,FALSE))=TRUE,0,VLOOKUP(B16,'NÖBV 2'!$F$3:$G$34,2,FALSE)),IF(ISNA(VLOOKUP(B16,'NÖBV 2'!$J$3:$K$34,2,FALSE))=TRUE,0,VLOOKUP(B16,'NÖBV 2'!$J$3:$K$34,2,FALSE)),IF(ISNA(VLOOKUP(B16,'NÖBV 2'!$N$3:$O$34,2,FALSE))=TRUE,0,VLOOKUP(B16,'NÖBV 2'!$N$3:$O$34,2,FALSE))) -> 0 | N16: =MAX(IF(ISNA(VLOOKUP(B16,'NÖBV 3'!$B$3:$C$34,2,FALSE))=TRUE,0,VLOOKUP(B16,'NÖBV 3'!$B$3:$C$34,2,FALSE)),IF(ISNA(VLOOKUP(B16,'NÖBV 3'!$F$3:$G$34,2,FALSE))=TRUE,0,VLOOKUP(B16,'NÖBV 3'!$F$3:$G$34,2,FALSE)),IF(ISNA(VLOOKUP(B16,'NÖBV 3'!$J$3:$K$34,2,FALSE))=TRUE,0,VLOOKUP(B16,'NÖBV 3'!$J$3:$K$34,2,FALSE)),IF(ISNA(VLOOKUP(B16,'NÖBV 3'!$N$3:$O$34,2,FALSE))=TRUE,0,VLOOKUP(B16,'NÖBV 3'!$N$3:$O$34,2,FALSE))) -> 0 | O16: =MAX(IF(ISNA(VLOOKUP(B16,'Regioturnier 1'!$B$3:$C$34,2,FALSE))=TRUE,0,VLOOKUP(B16,'Regioturnier 1'!$B$3:$C$34,2,FALSE)),IF(ISNA(VLOOKUP(B16,'Regioturnier 1'!$F$3:$G$34,2,FALSE))=TRUE,0,VLOOKUP(B16,'Regioturnier 1'!$F$3:$G$34,2,FALSE)),IF(ISNA(VLOOKUP(B16,'Regioturnier 1'!$J$3:$K$34,2,FALSE))=TRUE,0,VLOOKUP(B16,'Regioturnier 1'!$J$3:$K$34,2,FALSE)),IF(ISNA(VLOOKUP(B16,'Regioturnier 1'!$N$3:$O$34,2,FALSE))=TRUE,0,VLOOKUP(B16,'Regioturnier 1'!$N$3:$O$34,2,FALSE)),IF(ISNA(VLOOKUP(B16,'Regioturnier 1'!$R$3:$S$34,2,FALSE))=TRUE,0,VLOOKUP(B16,'Regioturnier 1'!$R$3:$S$34,2,FALSE)), IF(ISNA(VLOOKUP(B16,'Regioturnier 1'!$V$3:$W$34,2,FALSE))=TRUE,0,VLOOKUP(B16,'Regioturnier 1'!$V$3:$W$34,2,FALSE)), IF(ISNA(VLOOKUP(B16,'Regioturnier 1'!$Z$3:$AA$34,2,FALSE))=TRUE,0,VLOOKUP(B16,'Regioturnier 1'!$Z$3:$AA$34,2,FALSE))) -> 0 | P16: =MAX(IF(ISNA(VLOOKUP(B16,'Regioturnier 2'!$B$3:$C$34,2,FALSE))=TRUE,0,VLOOKUP(B16,'Regioturnier 2'!$B$3:$C$34,2,FALSE)),IF(ISNA(VLOOKUP(B16,'Regioturnier 2'!$F$3:$G$34,2,FALSE))=TRUE,0,VLOOKUP(B16,'Regioturnier 2'!$F$3:$G$34,2,FALSE)),IF(ISNA(VLOOKUP(B16,'Regioturnier 2'!$J$3:$K$34,2,FALSE))=TRUE,0,VLOOKUP(B16,'Regioturnier 2'!$J$3:$K$34,2,FALSE)),IF(ISNA(VLOOKUP(B16,'Regioturnier 2'!$N$3:$O$34,2,FALSE))=TRUE,0,VLOOKUP(B16,'Regioturnier 2'!$N$3:$O$34,2,FALSE)),IF(ISNA(VLOOKUP(B16,'Regioturnier 2'!$R$3:$S$34,2,FALSE))=TRUE,0,VLOOKUP(B16,'Regioturnier 2'!$R$3:$S$34,2,FALSE)), IF(ISNA(VLOOKUP(B16,'Regioturnier 2'!$V$3:$W$34,2,FALSE))=TRUE,0,VLOOKUP(B16,'Regioturnier 2'!$V$3:$W$34,2,FALSE)), IF(ISNA(VLOOKUP(B16,'Regioturnier 2'!$Z$3:$AA$34,2,FALSE))=TRUE,0,VLOOKUP(B16,'Regioturnier 2'!$Z$3:$AA$34,2,FALSE))) -> 0 | Q16: =MAX(IF(ISNA(VLOOKUP(B16,'Regioturnier 3'!$B$3:$C$34,2,FALSE))=TRUE,0,VLOOKUP(B16,'Regioturnier 3'!$B$3:$C$34,2,FALSE)),IF(ISNA(VLOOKUP(B16,'Regioturnier 3'!$F$3:$G$34,2,FALSE))=TRUE,0,VLOOKUP(B16,'Regioturnier 3'!$F$3:$G$34,2,FALSE)),IF(ISNA(VLOOKUP(B16,'Regioturnier 3'!$J$3:$K$34,2,FALSE))=TRUE,0,VLOOKUP(B16,'Regioturnier 3'!$J$3:$K$34,2,FALSE)),IF(ISNA(VLOOKUP(B16,'Regioturnier 3'!$N$3:$O$34,2,FALSE))=TRUE,0,VLOOKUP(B16,'Regioturnier 3'!$N$3:$O$34,2,FALSE)),IF(ISNA(VLOOKUP(B16,'Regioturnier 3'!$R$3:$S$34,2,FALSE))=TRUE,0,VLOOKUP(B16,'Regioturnier 3'!$R$3:$S$34,2,FALSE)), IF(ISNA(VLOOKUP(B16,'Regioturnier 3'!$V$3:$W$34,2,FALSE))=TRUE,0,VLOOKUP(B16,'Regioturnier 3'!$V$3:$W$34,2,FALSE)), IF(ISNA(VLOOKUP(B16,'Regioturnier 3'!$Z$3:$AA$34,2,FALSE))=TRUE,0,VLOOKUP(B16,'Regioturnier 3'!$Z$3:$AA$34,2,FALSE))) -> 0 | R16: =0.5*INDEX($H16:$N16,MATCH(LARGE($H16:$N16,1),$H16:$N16,0))+0.3*INDEX($H16:$N16,MATCH(LARGE($H16:$N16,2),$H16:$N16,0))+0.2*INDEX($H16:$N16,MATCH(LARGE($H16:$N16,3),$H16:$N16,0)) -> 187.4 | S16: =0.6*INDEX(O16:Q16,MATCH(LARGE(O16:Q16,1),O16:Q16,0))+0.4*INDEX(O16:Q16,MATCH(LARGE(O16:Q16,2),O16:Q16,0))+0*INDEX(O16:Q16,MATCH(LARGE(O16:Q16,3),O16:Q16,0)) -> 0 | T16: =1*INDEX(R16:S16,MATCH(LARGE(R16:S16,1),R16:S16,0))+0*INDEX(R16:S16,MATCH(LARGE(R16:S16,2),R16:S16,0)) -> 187.4
A17: 16 | B17: Jacob Chen | C17: Union VRC Badminton | D17: WBV | E17: M | F17: 108767 | G17: 2013 | H17: =MAX(IF(ISNA(VLOOKUP(B17,'WBV 1'!$B$3:$C$34,2,FALSE))=TRUE,0,VLOOKUP(B17,'WBV 1'!$B$3:$C$34,2,FALSE)),IF(ISNA(VLOOKUP(B17,'WBV 1'!$F$3:$G$34,2,FALSE))=TRUE,0,VLOOKUP(B17,'WBV 1'!$F$3:$G$34,2,FALSE)),IF(ISNA(VLOOKUP(B17,'WBV 1'!$J$3:$K$34,2,FALSE))=TRUE,0,VLOOKUP(B17,'WBV 1'!$J$3:$K$34,2,FALSE)),IF(ISNA(VLOOKUP(B17,'WBV 1'!$N$3:$O$34,2,FALSE))=TRUE,0,VLOOKUP(B17,'WBV 1'!$N$3:$O$34,2,FALSE))) -> 171 | I17: =MAX(IF(ISNA(VLOOKUP(B17,'WBV 2'!$B$3:$C$34,2,FALSE))=TRUE,0,VLOOKUP(B17,'WBV 2'!$B$3:$C$34,2,FALSE)),IF(ISNA(VLOOKUP(B17,'WBV 2'!$F$3:$G$34,2,FALSE))=TRUE,0,VLOOKUP(B17,'WBV 2'!$F$3:$G$34,2,FALSE)),IF(ISNA(VLOOKUP(B17,'WBV 2'!$J$3:$K$34,2,FALSE))=TRUE,0,VLOOKUP(B17,'WBV 2'!$J$3:$K$34,2,FALSE)),IF(ISNA(VLOOKUP(B17,'WBV 2'!$N$3:$O$34,2,FALSE))=TRUE,0,VLOOKUP(B17,'WBV 2'!$N$3:$O$34,2,FALSE))) -> 0 | J17: =MAX(IF(ISNA(VLOOKUP(B17,'WBV 3'!$B$3:$C$34,2,FALSE))=TRUE,0,VLOOKUP(B17,'WBV 3'!$B$3:$C$34,2,FALSE)),IF(ISNA(VLOOKUP(B17,'WBV 3'!$F$3:$G$34,2,FALSE))=TRUE,0,VLOOKUP(B17,'WBV 3'!$F$3:$G$34,2,FALSE)),IF(ISNA(VLOOKUP(B17,'WBV 3'!$J$3:$K$34,2,FALSE))=TRUE,0,VLOOKUP(B17,'WBV 3'!$J$3:$K$34,2,FALSE)),IF(ISNA(VLOOKUP(B17,'WBV 3'!$N$3:$O$34,2,FALSE))=TRUE,0,VLOOKUP(B17,'WBV 3'!$N$3:$O$34,2,FALSE))) -> 164 | K17: =MAX(IF(ISNA(VLOOKUP(B17,'WBV 4'!$B$3:$C$34,2,FALSE))=TRUE,0,VLOOKUP(B17,'WBV 4'!$B$3:$C$34,2,FALSE)),IF(ISNA(VLOOKUP(B17,'WBV 4'!$F$3:$G$34,2,FALSE))=TRUE,0,VLOOKUP(B17,'WBV 4'!$F$3:$G$34,2,FALSE)),IF(ISNA(VLOOKUP(B17,'WBV 4'!$J$3:$K$34,2,FALSE))=TRUE,0,VLOOKUP(B17,'WBV 4'!$J$3:$K$34,2,FALSE)),IF(ISNA(VLOOKUP(B17,'WBV 4'!$N$3:$O$34,2,FALSE))=TRUE,0,VLOOKUP(B17,'WBV 4'!$N$3:$O$34,2,FALSE))) -> 0 | L17: =MAX(IF(ISNA(VLOOKUP(B17,'NÖBV 1'!$B$3:$C$34,2,FALSE))=TRUE,0,VLOOKUP(B17,'NÖBV 1'!$B$3:$C$34,2,FALSE)),IF(ISNA(VLOOKUP(B17,'NÖBV 1'!$F$3:$G$34,2,FALSE))=TRUE,0,VLOOKUP(B17,'NÖBV 1'!$F$3:$G$34,2,FALSE)),IF(ISNA(VLOOKUP(B17,'NÖBV 1'!$J$3:$K$34,2,FALSE))=TRUE,0,VLOOKUP(B17,'NÖBV 1'!$J$3:$K$34,2,FALSE)),IF(ISNA(VLOOKUP(B17,'NÖBV 1'!$N$3:$O$34,2,FALSE))=TRUE,0,VLOOKUP(B17,'NÖBV 1'!$N$3:$O$34,2,FALSE))) -> 0 | M17: =MAX(IF(ISNA(VLOOKUP(B17,'NÖBV 2'!$B$3:$C$34,2,FALSE))=TRUE,0,VLOOKUP(B17,'NÖBV 2'!$B$3:$C$34,2,FALSE)),IF(ISNA(VLOOKUP(B17,'NÖBV 2'!$F$3:$G$34,2,FALSE))=TRUE,0,VLOOKUP(B17,'NÖBV 2'!$F$3:$G$34,2,FALSE)),IF(ISNA(VLOOKUP(B17,'NÖBV 2'!$J$3:$K$34,2,FALSE))=TRUE,0,VLOOKUP(B17,'NÖBV 2'!$J$3:$K$34,2,FALSE)),IF(ISNA(VLOOKUP(B17,'NÖBV 2'!$N$3:$O$34,2,FALSE))=TRUE,0,VLOOKUP(B17,'NÖBV 2'!$N$3:$O$34,2,FALSE))) -> 0 | N17: =MAX(IF(ISNA(VLOOKUP(B17,'NÖBV 3'!$B$3:$C$34,2,FALSE))=TRUE,0,VLOOKUP(B17,'NÖBV 3'!$B$3:$C$34,2,FALSE)),IF(ISNA(VLOOKUP(B17,'NÖBV 3'!$F$3:$G$34,2,FALSE))=TRUE,0,VLOOKUP(B17,'NÖBV 3'!$F$3:$G$34,2,FALSE)),IF(ISNA(VLOOKUP(B17,'NÖBV 3'!$J$3:$K$34,2,FALSE))=TRUE,0,VLOOKUP(B17,'NÖBV 3'!$J$3:$K$34,2,FALSE)),IF(ISNA(VLOOKUP(B17,'NÖBV 3'!$N$3:$O$34,2,FALSE))=TRUE,0,VLOOKUP(B17,'NÖBV 3'!$N$3:$O$34,2,FALSE))) -> 0 | O17: =MAX(IF(ISNA(VLOOKUP(B17,'Regioturnier 1'!$B$3:$C$34,2,FALSE))=TRUE,0,VLOOKUP(B17,'Regioturnier 1'!$B$3:$C$34,2,FALSE)),IF(ISNA(VLOOKUP(B17,'Regioturnier 1'!$F$3:$G$34,2,FALSE))=TRUE,0,VLOOKUP(B17,'Regioturnier 1'!$F$3:$G$34,2,FALSE)),IF(ISNA(VLOOKUP(B17,'Regioturnier 1'!$J$3:$K$34,2,FALSE))=TRUE,0,VLOOKUP(B17,'Regioturnier 1'!$J$3:$K$34,2,FALSE)),IF(ISNA(VLOOKUP(B17,'Regioturnier 1'!$N$3:$O$34,2,FALSE))=TRUE,0,VLOOKUP(B17,'Regioturnier 1'!$N$3:$O$34,2,FALSE)),IF(ISNA(VLOOKUP(B17,'Regioturnier 1'!$R$3:$S$34,2,FALSE))=TRUE,0,VLOOKUP(B17,'Regioturnier 1'!$R$3:$S$34,2,FALSE)), IF(ISNA(VLOOKUP(B17,'Regioturnier 1'!$V$3:$W$34,2,FALSE))=TRUE,0,VLOOKUP(B17,'Regioturnier 1'!$V$3:$W$34,2,FALSE)), IF(ISNA(VLOOKUP(B17,'Regioturnier 1'!$Z$3:$AA$34,2,FALSE))=TRUE,0,VLOOKUP(B17,'Regioturnier 1'!$Z$3:$AA$34,2,FALSE))) -> 177 | P17: =MAX(IF(ISNA(VLOOKUP(B17,'Regioturnier 2'!$B$3:$C$34,2,FALSE))=TRUE,0,VLOOKUP(B17,'Regioturnier 2'!$B$3:$C$34,2,FALSE)),IF(ISNA(VLOOKUP(B17,'Regioturnier 2'!$F$3:$G$34,2,FALSE))=TRUE,0,VLOOKUP(B17,'Regioturnier 2'!$F$3:$G$34,2,FALSE)),IF(ISNA(VLOOKUP(B17,'Regioturnier 2'!$J$3:$K$34,2,FALSE))=TRUE,0,VLOOKUP(B17,'Regioturnier 2'!$J$3:$K$34,2,FALSE)),IF(ISNA(VLOOKUP(B17,'Regioturnier 2'!$N$3:$O$34,2,FALSE))=TRUE,0,VLOOKUP(B17,'Regioturnier 2'!$N$3:$O$34,2,FALSE)),IF(ISNA(VLOOKUP(B17,'Regioturnier 2'!$R$3:$S$34,2,FALSE))=TRUE,0,VLOOKUP(B17,'Regioturnier 2'!$R$3:$S$34,2,FALSE)), IF(ISNA(VLOOKUP(B17,'Regioturnier 2'!$V$3:$W$34,2,FALSE))=TRUE,0,VLOOKUP(B17,'Regioturnier 2'!$V$3:$W$34,2,FALSE)), IF(ISNA(VLOOKUP(B17,'Regioturnier 2'!$Z$3:$AA$34,2,FALSE))=TRUE,0,VLOOKUP(B17,'Regioturnier 2'!$Z$3:$AA$34,2,FALSE))) -> 193 | Q17: =MAX(IF(ISNA(VLOOKUP(B17,'Regioturnier 3'!$B$3:$C$34,2,FALSE))=TRUE,0,VLOOKUP(B17,'Regioturnier 3'!$B$3:$C$34,2,FALSE)),IF(ISNA(VLOOKUP(B17,'Regioturnier 3'!$F$3:$G$34,2,FALSE))=TRUE,0,VLOOKUP(B17,'Regioturnier 3'!$F$3:$G$34,2,FALSE)),IF(ISNA(VLOOKUP(B17,'Regioturnier 3'!$J$3:$K$34,2,FALSE))=TRUE,0,VLOOKUP(B17,'Regioturnier 3'!$J$3:$K$34,2,FALSE)),IF(ISNA(VLOOKUP(B17,'Regioturnier 3'!$N$3:$O$34,2,FALSE))=TRUE,0,VLOOKUP(B17,'Regioturnier 3'!$N$3:$O$34,2,FALSE)),IF(ISNA(VLOOKUP(B17,'Regioturnier 3'!$R$3:$S$34,2,FALSE))=TRUE,0,VLOOKUP(B17,'Regioturnier 3'!$R$3:$S$34,2,FALSE)), IF(ISNA(VLOOKUP(B17,'Regioturnier 3'!$V$3:$W$34,2,FALSE))=TRUE,0,VLOOKUP(B17,'Regioturnier 3'!$V$3:$W$34,2,FALSE)), IF(ISNA(VLOOKUP(B17,'Regioturnier 3'!$Z$3:$AA$34,2,FALSE))=TRUE,0,VLOOKUP(B17,'Regioturnier 3'!$Z$3:$AA$34,2,FALSE))) -> 0 | R17: =0.5*INDEX($H17:$N17,MATCH(LARGE($H17:$N17,1),$H17:$N17,0))+0.3*INDEX($H17:$N17,MATCH(LARGE($H17:$N17,2),$H17:$N17,0))+0.2*INDEX($H17:$N17,MATCH(LARGE($H17:$N17,3),$H17:$N17,0)) -> 134.7 | S17: =0.6*INDEX(O17:Q17,MATCH(LARGE(O17:Q17,1),O17:Q17,0))+0.4*INDEX(O17:Q17,MATCH(LARGE(O17:Q17,2),O17:Q17,0))+0*INDEX(O17:Q17,MATCH(LARGE(O17:Q17,3),O17:Q17,0)) -> 186.6 | T17: =1*INDEX(R17:S17,MATCH(LARGE(R17:S17,1),R17:S17,0))+0*INDEX(R17:S17,MATCH(LARGE(R17:S17,2),R17:S17,0)) -> 186.6
A18: 17 | B18: Rafael Markus Gálos | C18: Union VRC Badminton | D18: WBV | E18: M | F18: 111567 | G18: 2015 | H18: =MAX(IF(ISNA(VLOOKUP(B18,'WBV 1'!$B$3:$C$34,2,FALSE))=TRUE,0,VLOOKUP(B18,'WBV 1'!$B$3:$C$34,2,FALSE)),IF(ISNA(VLOOKUP(B18,'WBV 1'!$F$3:$G$34,2,FALSE))=TRUE,0,VLOOKUP(B18,'WBV 1'!$F$3:$G$34,2,FALSE)),IF(ISNA(VLOOKUP(B18,'WBV 1'!$J$3:$K$34,2,FALSE))=TRUE,0,VLOOKUP(B18,'WBV 1'!$J$3:$K$34,2,FALSE)),IF(ISNA(VLOOKUP(B18,'WBV 1'!$N$3:$O$34,2,FALSE))=TRUE,0,VLOOKUP(B18,'WBV 1'!$N$3:$O$34,2,FALSE))) -> 180 | I18: =MAX(IF(ISNA(VLOOKUP(B18,'WBV 2'!$B$3:$C$34,2,FALSE))=TRUE,0,VLOOKUP(B18,'WBV 2'!$B$3:$C$34,2,FALSE)),IF(ISNA(VLOOKUP(B18,'WBV 2'!$F$3:$G$34,2,FALSE))=TRUE,0,VLOOKUP(B18,'WBV 2'!$F$3:$G$34,2,FALSE)),IF(ISNA(VLOOKUP(B18,'WBV 2'!$J$3:$K$34,2,FALSE))=TRUE,0,VLOOKUP(B18,'WBV 2'!$J$3:$K$34,2,FALSE)),IF(ISNA(VLOOKUP(B18,'WBV 2'!$N$3:$O$34,2,FALSE))=TRUE,0,VLOOKUP(B18,'WBV 2'!$N$3:$O$34,2,FALSE))) -> 173 | J18: =MAX(IF(ISNA(VLOOKUP(B18,'WBV 3'!$B$3:$C$34,2,FALSE))=TRUE,0,VLOOKUP(B18,'WBV 3'!$B$3:$C$34,2,FALSE)),IF(ISNA(VLOOKUP(B18,'WBV 3'!$F$3:$G$34,2,FALSE))=TRUE,0,VLOOKUP(B18,'WBV 3'!$F$3:$G$34,2,FALSE)),IF(ISNA(VLOOKUP(B18,'WBV 3'!$J$3:$K$34,2,FALSE))=TRUE,0,VLOOKUP(B18,'WBV 3'!$J$3:$K$34,2,FALSE)),IF(ISNA(VLOOKUP(B18,'WBV 3'!$N$3:$O$34,2,FALSE))=TRUE,0,VLOOKUP(B18,'WBV 3'!$N$3:$O$34,2,FALSE))) -> 187 | K18: =MAX(IF(ISNA(VLOOKUP(B18,'WBV 4'!$B$3:$C$34,2,FALSE))=TRUE,0,VLOOKUP(B18,'WBV 4'!$B$3:$C$34,2,FALSE)),IF(ISNA(VLOOKUP(B18,'WBV 4'!$F$3:$G$34,2,FALSE))=TRUE,0,VLOOKUP(B18,'WBV 4'!$F$3:$G$34,2,FALSE)),IF(ISNA(VLOOKUP(B18,'WBV 4'!$J$3:$K$34,2,FALSE))=TRUE,0,VLOOKUP(B18,'WBV 4'!$J$3:$K$34,2,FALSE)),IF(ISNA(VLOOKUP(B18,'WBV 4'!$N$3:$O$34,2,FALSE))=TRUE,0,VLOOKUP(B18,'WBV 4'!$N$3:$O$34,2,FALSE))) -> 0 | L18: =MAX(IF(ISNA(VLOOKUP(B18,'NÖBV 1'!$B$3:$C$34,2,FALSE))=TRUE,0,VLOOKUP(B18,'NÖBV 1'!$B$3:$C$34,2,FALSE)),IF(ISNA(VLOOKUP(B18,'NÖBV 1'!$F$3:$G$34,2,FALSE))=TRUE,0,VLOOKUP(B18,'NÖBV 1'!$F$3:$G$34,2,FALSE)),IF(ISNA(VLOOKUP(B18,'NÖBV 1'!$J$3:$K$34,2,FALSE))=TRUE,0,VLOOKUP(B18,'NÖBV 1'!$J$3:$K$34,2,FALSE)),IF(ISNA(VLOOKUP(B18,'NÖBV 1'!$N$3:$O$34,2,FALSE))=TRUE,0,VLOOKUP(B18,'NÖBV 1'!$N$3:$O$34,2,FALSE))) -> 0 | M18: =MAX(IF(ISNA(VLOOKUP(B18,'NÖBV 2'!$B$3:$C$34,2,FALSE))=TRUE,0,VLOOKUP(B18,'NÖBV 2'!$B$3:$C$34,2,FALSE)),IF(ISNA(VLOOKUP(B18,'NÖBV 2'!$F$3:$G$34,2,FALSE))=TRUE,0,VLOOKUP(B18,'NÖBV 2'!$F$3:$G$34,2,FALSE)),IF(ISNA(VLOOKUP(B18,'NÖBV 2'!$J$3:$K$34,2,FALSE))=TRUE,0,VLOOKUP(B18,'NÖBV 2'!$J$3:$K$34,2,FALSE)),IF(ISNA(VLOOKUP(B18,'NÖBV 2'!$N$3:$O$34,2,FALSE))=TRUE,0,VLOOKUP(B18,'NÖBV 2'!$N$3:$O$34,2,FALSE))) -> 0 | N18: =MAX(IF(ISNA(VLOOKUP(B18,'NÖBV 3'!$B$3:$C$34,2,FALSE))=TRUE,0,VLOOKUP(B18,'NÖBV 3'!$B$3:$C$34,2,FALSE)),IF(ISNA(VLOOKUP(B18,'NÖBV 3'!$F$3:$G$34,2,FALSE))=TRUE,0,VLOOKUP(B18,'NÖBV 3'!$F$3:$G$34,2,FALSE)),IF(ISNA(VLOOKUP(B18,'NÖBV 3'!$J$3:$K$34,2,FALSE))=TRUE,0,VLOOKUP(B18,'NÖBV 3'!$J$3:$K$34,2,FALSE)),IF(ISNA(VLOOKUP(B18,'NÖBV 3'!$N$3:$O$34,2,FALSE))=TRUE,0,VLOOKUP(B18,'NÖBV 3'!$N$3:$O$34,2,FALSE))) -> 0 | O18: =MAX(IF(ISNA(VLOOKUP(B18,'Regioturnier 1'!$B$3:$C$34,2,FALSE))=TRUE,0,VLOOKUP(B18,'Regioturnier 1'!$B$3:$C$34,2,FALSE)),IF(ISNA(VLOOKUP(B18,'Regioturnier 1'!$F$3:$G$34,2,FALSE))=TRUE,0,VLOOKUP(B18,'Regioturnier 1'!$F$3:$G$34,2,FALSE)),IF(ISNA(VLOOKUP(B18,'Regioturnier 1'!$J$3:$K$34,2,FALSE))=TRUE,0,VLOOKUP(B18,'Regioturnier 1'!$J$3:$K$34,2,FALSE)),IF(ISNA(VLOOKUP(B18,'Regioturnier 1'!$N$3:$O$34,2,FALSE))=TRUE,0,VLOOKUP(B18,'Regioturnier 1'!$N$3:$O$34,2,FALSE)),IF(ISNA(VLOOKUP(B18,'Regioturnier 1'!$R$3:$S$34,2,FALSE))=TRUE,0,VLOOKUP(B18,'Regioturnier 1'!$R$3:$S$34,2,FALSE)), IF(ISNA(VLOOKUP(B18,'Regioturnier 1'!$V$3:$W$34,2,FALSE))=TRUE,0,VLOOKUP(B18,'Regioturnier 1'!$V$3:$W$34,2,FALSE)), IF(ISNA(VLOOKUP(B18,'Regioturnier 1'!$Z$3:$AA$34,2,FALSE))=TRUE,0,VLOOKUP(B18,'Regioturnier 1'!$Z$3:$AA$34,2,FALSE))) -> 197 | P18: =MAX(IF(ISNA(VLOOKUP(B18,'Regioturnier 2'!$B$3:$C$34,2,FALSE))=TRUE,0,VLOOKUP(B18,'Regioturnier 2'!$B$3:$C$34,2,FALSE)),IF(ISNA(VLOOKUP(B18,'Regioturnier 2'!$F$3:$G$34,2,FALSE))=TRUE,0,VLOOKUP(B18,'Regioturnier 2'!$F$3:$G$34,2,FALSE)),IF(ISNA(VLOOKUP(B18,'Regioturnier 2'!$J$3:$K$34,2,FALSE))=TRUE,0,VLOOKUP(B18,'Regioturnier 2'!$J$3:$K$34,2,FALSE)),IF(ISNA(VLOOKUP(B18,'Regioturnier 2'!$N$3:$O$34,2,FALSE))=TRUE,0,VLOOKUP(B18,'Regioturnier 2'!$N$3:$O$34,2,FALSE)),IF(ISNA(VLOOKUP(B18,'Regioturnier 2'!$R$3:$S$34,2,FALSE))=TRUE,0,VLOOKUP(B18,'Regioturnier 2'!$R$3:$S$34,2,FALSE)), IF(ISNA(VLOOKUP(B18,'Regioturnier 2'!$V$3:$W$34,2,FALSE))=TRUE,0,VLOOKUP(B18,'Regioturnier 2'!$V$3:$W$34,2,FALSE)), IF(ISNA(VLOOKUP(B18,'Regioturnier 2'!$Z$3:$AA$34,2,FALSE))=TRUE,0,VLOOKUP(B18,'Regioturnier 2'!$Z$3:$AA$34,2,FALSE))) -> 0 | Q18: =MAX(IF(ISNA(VLOOKUP(B18,'Regioturnier 3'!$B$3:$C$34,2,FALSE))=TRUE,0,VLOOKUP(B18,'Regioturnier 3'!$B$3:$C$34,2,FALSE)),IF(ISNA(VLOOKUP(B18,'Regioturnier 3'!$F$3:$G$34,2,FALSE))=TRUE,0,VLOOKUP(B18,'Regioturnier 3'!$F$3:$G$34,2,FALSE)),IF(ISNA(VLOOKUP(B18,'Regioturnier 3'!$J$3:$K$34,2,FALSE))=TRUE,0,VLOOKUP(B18,'Regioturnier 3'!$J$3:$K$34,2,FALSE)),IF(ISNA(VLOOKUP(B18,'Regioturnier 3'!$N$3:$O$34,2,FALSE))=TRUE,0,VLOOKUP(B18,'Regioturnier 3'!$N$3:$O$34,2,FALSE)),IF(ISNA(VLOOKUP(B18,'Regioturnier 3'!$R$3:$S$34,2,FALSE))=TRUE,0,VLOOKUP(B18,'Regioturnier 3'!$R$3:$S$34,2,FALSE)), IF(ISNA(VLOOKUP(B18,'Regioturnier 3'!$V$3:$W$34,2,FALSE))=TRUE,0,VLOOKUP(B18,'Regioturnier 3'!$V$3:$W$34,2,FALSE)), IF(ISNA(VLOOKUP(B18,'Regioturnier 3'!$Z$3:$AA$34,2,FALSE))=TRUE,0,VLOOKUP(B18,'Regioturnier 3'!$Z$3:$AA$34,2,FALSE))) -> 0 | R18: =0.5*INDEX($H18:$N18,MATCH(LARGE($H18:$N18,1),$H18:$N18,0))+0.3*INDEX($H18:$N18,MATCH(LARGE($H18:$N18,2),$H18:$N18,0))+0.2*INDEX($H18:$N18,MATCH(LARGE($H18:$N18,3),$H18:$N18,0)) -> 182.1 | S18: =0.6*INDEX(O18:Q18,MATCH(LARGE(O18:Q18,1),O18:Q18,0))+0.4*INDEX(O18:Q18,MATCH(LARGE(O18:Q18,2),O18:Q18,0))+0*INDEX(O18:Q18,MATCH(LARGE(O18:Q18,3),O18:Q18,0)) -> 118.2 | T18: =1*INDEX(R18:S18,MATCH(LARGE(R18:S18,1),R18:S18,0))+0*INDEX(R18:S18,MATCH(LARGE(R18:S18,2),R18:S18,0)) -> 182.1
A19: 18 | B19: Sofia Neumann | C19: Top und Fit Badminton Bad Vöslau | D19: NÖBV | E19: W | F19: 208973 | G19: 2013 | H19: =MAX(IF(ISNA(VLOOKUP(B19,'WBV 1'!$B$3:$C$34,2,FALSE))=TRUE,0,VLOOKUP(B19,'WBV 1'!$B$3:$C$34,2,FALSE)),IF(ISNA(VLOOKUP(B19,'WBV 1'!$F$3:$G$34,2,FALSE))=TRUE,0,VLOOKUP(B19,'WBV 1'!$F$3:$G$34,2,FALSE)),IF(ISNA(VLOOKUP(B19,'WBV 1'!$J$3:$K$34,2,FALSE))=TRUE,0,VLOOKUP(B19,'WBV 1'!$J$3:$K$34,2,FALSE)),IF(ISNA(VLOOKUP(B19,'WBV 1'!$N$3:$O$34,2,FALSE))=TRUE,0,VLOOKUP(B19,'WBV 1'!$N$3:$O$34,2,FALSE))) -> 0 | I19: =MAX(IF(ISNA(VLOOKUP(B19,'WBV 2'!$B$3:$C$34,2,FALSE))=TRUE,0,VLOOKUP(B19,'WBV 2'!$B$3:$C$34,2,FALSE)),IF(ISNA(VLOOKUP(B19,'WBV 2'!$F$3:$G$34,2,FALSE))=TRUE,0,VLOOKUP(B19,'WBV 2'!$F$3:$G$34,2,FALSE)),IF(ISNA(VLOOKUP(B19,'WBV 2'!$J$3:$K$34,2,FALSE))=TRUE,0,VLOOKUP(B19,'WBV 2'!$J$3:$K$34,2,FALSE)),IF(ISNA(VLOOKUP(B19,'WBV 2'!$N$3:$O$34,2,FALSE))=TRUE,0,VLOOKUP(B19,'WBV 2'!$N$3:$O$34,2,FALSE))) -> 0 | J19: =MAX(IF(ISNA(VLOOKUP(B19,'WBV 3'!$B$3:$C$34,2,FALSE))=TRUE,0,VLOOKUP(B19,'WBV 3'!$B$3:$C$34,2,FALSE)),IF(ISNA(VLOOKUP(B19,'WBV 3'!$F$3:$G$34,2,FALSE))=TRUE,0,VLOOKUP(B19,'WBV 3'!$F$3:$G$34,2,FALSE)),IF(ISNA(VLOOKUP(B19,'WBV 3'!$J$3:$K$34,2,FALSE))=TRUE,0,VLOOKUP(B19,'WBV 3'!$J$3:$K$34,2,FALSE)),IF(ISNA(VLOOKUP(B19,'WBV 3'!$N$3:$O$34,2,FALSE))=TRUE,0,VLOOKUP(B19,'WBV 3'!$N$3:$O$34,2,FALSE))) -> 0 | K19: =MAX(IF(ISNA(VLOOKUP(B19,'WBV 4'!$B$3:$C$34,2,FALSE))=TRUE,0,VLOOKUP(B19,'WBV 4'!$B$3:$C$34,2,FALSE)),IF(ISNA(VLOOKUP(B19,'WBV 4'!$F$3:$G$34,2,FALSE))=TRUE,0,VLOOKUP(B19,'WBV 4'!$F$3:$G$34,2,FALSE)),IF(ISNA(VLOOKUP(B19,'WBV 4'!$J$3:$K$34,2,FALSE))=TRUE,0,VLOOKUP(B19,'WBV 4'!$J$3:$K$34,2,FALSE)),IF(ISNA(VLOOKUP(B19,'WBV 4'!$N$3:$O$34,2,FALSE))=TRUE,0,VLOOKUP(B19,'WBV 4'!$N$3:$O$34,2,FALSE))) -> 0 | L19: =MAX(IF(ISNA(VLOOKUP(B19,'NÖBV 1'!$B$3:$C$34,2,FALSE))=TRUE,0,VLOOKUP(B19,'NÖBV 1'!$B$3:$C$34,2,FALSE)),IF(ISNA(VLOOKUP(B19,'NÖBV 1'!$F$3:$G$34,2,FALSE))=TRUE,0,VLOOKUP(B19,'NÖBV 1'!$F$3:$G$34,2,FALSE)),IF(ISNA(VLOOKUP(B19,'NÖBV 1'!$J$3:$K$34,2,FALSE))=TRUE,0,VLOOKUP(B19,'NÖBV 1'!$J$3:$K$34,2,FALSE)),IF(ISNA(VLOOKUP(B19,'NÖBV 1'!$N$3:$O$34,2,FALSE))=TRUE,0,VLOOKUP(B19,'NÖBV 1'!$N$3:$O$34,2,FALSE))) -> 160 | M19: =MAX(IF(ISNA(VLOOKUP(B19,'NÖBV 2'!$B$3:$C$34,2,FALSE))=TRUE,0,VLOOKUP(B19,'NÖBV 2'!$B$3:$C$34,2,FALSE)),IF(ISNA(VLOOKUP(B19,'NÖBV 2'!$F$3:$G$34,2,FALSE))=TRUE,0,VLOOKUP(B19,'NÖBV 2'!$F$3:$G$34,2,FALSE)),IF(ISNA(VLOOKUP(B19,'NÖBV 2'!$J$3:$K$34,2,FALSE))=TRUE,0,VLOOKUP(B19,'NÖBV 2'!$J$3:$K$34,2,FALSE)),IF(ISNA(VLOOKUP(B19,'NÖBV 2'!$N$3:$O$34,2,FALSE))=TRUE,0,VLOOKUP(B19,'NÖBV 2'!$N$3:$O$34,2,FALSE))) -> 0 | N19: =MAX(IF(ISNA(VLOOKUP(B19,'NÖBV 3'!$B$3:$C$34,2,FALSE))=TRUE,0,VLOOKUP(B19,'NÖBV 3'!$B$3:$C$34,2,FALSE)),IF(ISNA(VLOOKUP(B19,'NÖBV 3'!$F$3:$G$34,2,FALSE))=TRUE,0,VLOOKUP(B19,'NÖBV 3'!$F$3:$G$34,2,FALSE)),IF(ISNA(VLOOKUP(B19,'NÖBV 3'!$J$3:$K$34,2,FALSE))=TRUE,0,VLOOKUP(B19,'NÖBV 3'!$J$3:$K$34,2,FALSE)),IF(ISNA(VLOOKUP(B19,'NÖBV 3'!$N$3:$O$34,2,FALSE))=TRUE,0,VLOOKUP(B19,'NÖBV 3'!$N$3:$O$34,2,FALSE))) -> 187 | O19: =MAX(IF(ISNA(VLOOKUP(B19,'Regioturnier 1'!$B$3:$C$34,2,FALSE))=TRUE,0,VLOOKUP(B19,'Regioturnier 1'!$B$3:$C$34,2,FALSE)),IF(ISNA(VLOOKUP(B19,'Regioturnier 1'!$F$3:$G$34,2,FALSE))=TRUE,0,VLOOKUP(B19,'Regioturnier 1'!$F$3:$G$34,2,FALSE)),IF(ISNA(VLOOKUP(B19,'Regioturnier 1'!$J$3:$K$34,2,FALSE))=TRUE,0,VLOOKUP(B19,'Regioturnier 1'!$J$3:$K$34,2,FALSE)),IF(ISNA(VLOOKUP(B19,'Regioturnier 1'!$N$3:$O$34,2,FALSE))=TRUE,0,VLOOKUP(B19,'Regioturnier 1'!$N$3:$O$34,2,FALSE)),IF(ISNA(VLOOKUP(B19,'Regioturnier 1'!$R$3:$S$34,2,FALSE))=TRUE,0,VLOOKUP(B19,'Regioturnier 1'!$R$3:$S$34,2,FALSE)), IF(ISNA(VLOOKUP(B19,'Regioturnier 1'!$V$3:$W$34,2,FALSE))=TRUE,0,VLOOKUP(B19,'Regioturnier 1'!$V$3:$W$34,2,FALSE)), IF(ISNA(VLOOKUP(B19,'Regioturnier 1'!$Z$3:$AA$34,2,FALSE))=TRUE,0,VLOOKUP(B19,'Regioturnier 1'!$Z$3:$AA$34,2,FALSE))) -> 184 | P19: =MAX(IF(ISNA(VLOOKUP(B19,'Regioturnier 2'!$B$3:$C$34,2,FALSE))=TRUE,0,VLOOKUP(B19,'Regioturnier 2'!$B$3:$C$34,2,FALSE)),IF(ISNA(VLOOKUP(B19,'Regioturnier 2'!$F$3:$G$34,2,FALSE))=TRUE,0,VLOOKUP(B19,'Regioturnier 2'!$F$3:$G$34,2,FALSE)),IF(ISNA(VLOOKUP(B19,'Regioturnier 2'!$J$3:$K$34,2,FALSE))=TRUE,0,VLOOKUP(B19,'Regioturnier 2'!$J$3:$K$34,2,FALSE)),IF(ISNA(VLOOKUP(B19,'Regioturnier 2'!$N$3:$O$34,2,FALSE))=TRUE,0,VLOOKUP(B19,'Regioturnier 2'!$N$3:$O$34,2,FALSE)),IF(ISNA(VLOOKUP(B19,'Regioturnier 2'!$R$3:$S$34,2,FALSE))=TRUE,0,VLOOKUP(B19,'Regioturnier 2'!$R$3:$S$34,2,FALSE)), IF(ISNA(VLOOKUP(B19,'Regioturnier 2'!$V$3:$W$34,2,FALSE))=TRUE,0,VLOOKUP(B19,'Regioturnier 2'!$V$3:$W$34,2,FALSE)), IF(ISNA(VLOOKUP(B19,'Regioturnier 2'!$Z$3:$AA$34,2,FALSE))=TRUE,0,VLOOKUP(B19,'Regioturnier 2'!$Z$3:$AA$34,2,FALSE))) -> 179 | Q19: =MAX(IF(ISNA(VLOOKUP(B19,'Regioturnier 3'!$B$3:$C$34,2,FALSE))=TRUE,0,VLOOKUP(B19,'Regioturnier 3'!$B$3:$C$34,2,FALSE)),IF(ISNA(VLOOKUP(B19,'Regioturnier 3'!$F$3:$G$34,2,FALSE))=TRUE,0,VLOOKUP(B19,'Regioturnier 3'!$F$3:$G$34,2,FALSE)),IF(ISNA(VLOOKUP(B19,'Regioturnier 3'!$J$3:$K$34,2,FALSE))=TRUE,0,VLOOKUP(B19,'Regioturnier 3'!$J$3:$K$34,2,FALSE)),IF(ISNA(VLOOKUP(B19,'Regioturnier 3'!$N$3:$O$34,2,FALSE))=TRUE,0,VLOOKUP(B19,'Regioturnier 3'!$N$3:$O$34,2,FALSE)),IF(ISNA(VLOOKUP(B19,'Regioturnier 3'!$R$3:$S$34,2,FALSE))=TRUE,0,VLOOKUP(B19,'Regioturnier 3'!$R$3:$S$34,2,FALSE)), IF(ISNA(VLOOKUP(B19,'Regioturnier 3'!$V$3:$W$34,2,FALSE))=TRUE,0,VLOOKUP(B19,'Regioturnier 3'!$V$3:$W$34,2,FALSE)), IF(ISNA(VLOOKUP(B19,'Regioturnier 3'!$Z$3:$AA$34,2,FALSE))=TRUE,0,VLOOKUP(B19,'Regioturnier 3'!$Z$3:$AA$34,2,FALSE))) -> 0 | R19: =0.5*INDEX($H19:$N19,MATCH(LARGE($H19:$N19,1),$H19:$N19,0))+0.3*INDEX($H19:$N19,MATCH(LARGE($H19:$N19,2),$H19:$N19,0))+0.2*INDEX($H19:$N19,MATCH(LARGE($H19:$N19,3),$H19:$N19,0)) -> 141.5 | S19: =0.6*INDEX(O19:Q19,MATCH(LARGE(O19:Q19,1),O19:Q19,0))+0.4*INDEX(O19:Q19,MATCH(LARGE(O19:Q19,2),O19:Q19,0))+0*INDEX(O19:Q19,MATCH(LARGE(O19:Q19,3),O19:Q19,0)) -> 182 | T19: =1*INDEX(R19:S19,MATCH(LARGE(R19:S19,1),R19:S19,0))+0*INDEX(R19:S19,MATCH(LARGE(R19:S19,2),R19:S19,0)) -> 182
A20: 19 | B20: Alvin Huang | C20: Union VRC Badminton | D20: WBV | E20: M | F20: 111347 | G20: 2015 | H20: =MAX(IF(ISNA(VLOOKUP(B20,'WBV 1'!$B$3:$C$34,2,FALSE))=TRUE,0,VLOOKUP(B20,'WBV 1'!$B$3:$C$34,2,FALSE)),IF(ISNA(VLOOKUP(B20,'WBV 1'!$F$3:$G$34,2,FALSE))=TRUE,0,VLOOKUP(B20,'WBV 1'!$F$3:$G$34,2,FALSE)),IF(ISNA(VLOOKUP(B20,'WBV 1'!$J$3:$K$34,2,FALSE))=TRUE,0,VLOOKUP(B20,'WBV 1'!$J$3:$K$34,2,FALSE)),IF(ISNA(VLOOKUP(B20,'WBV 1'!$N$3:$O$34,2,FALSE))=TRUE,0,VLOOKUP(B20,'WBV 1'!$N$3:$O$34,2,FALSE))) -> 157 | I20: =MAX(IF(ISNA(VLOOKUP(B20,'WBV 2'!$B$3:$C$34,2,FALSE))=TRUE,0,VLOOKUP(B20,'WBV 2'!$B$3:$C$34,2,FALSE)),IF(ISNA(VLOOKUP(B20,'WBV 2'!$F$3:$G$34,2,FALSE))=TRUE,0,VLOOKUP(B20,'WBV 2'!$F$3:$G$34,2,FALSE)),IF(ISNA(VLOOKUP(B20,'WBV 2'!$J$3:$K$34,2,FALSE))=TRUE,0,VLOOKUP(B20,'WBV 2'!$J$3:$K$34,2,FALSE)),IF(ISNA(VLOOKUP(B20,'WBV 2'!$N$3:$O$34,2,FALSE))=TRUE,0,VLOOKUP(B20,'WBV 2'!$N$3:$O$34,2,FALSE))) -> 152 | J20: =MAX(IF(ISNA(VLOOKUP(B20,'WBV 3'!$B$3:$C$34,2,FALSE))=TRUE,0,VLOOKUP(B20,'WBV 3'!$B$3:$C$34,2,FALSE)),IF(ISNA(VLOOKUP(B20,'WBV 3'!$F$3:$G$34,2,FALSE))=TRUE,0,VLOOKUP(B20,'WBV 3'!$F$3:$G$34,2,FALSE)),IF(ISNA(VLOOKUP(B20,'WBV 3'!$J$3:$K$34,2,FALSE))=TRUE,0,VLOOKUP(B20,'WBV 3'!$J$3:$K$34,2,FALSE)),IF(ISNA(VLOOKUP(B20,'WBV 3'!$N$3:$O$34,2,FALSE))=TRUE,0,VLOOKUP(B20,'WBV 3'!$N$3:$O$34,2,FALSE))) -> 0 | K20: =MAX(IF(ISNA(VLOOKUP(B20,'WBV 4'!$B$3:$C$34,2,FALSE))=TRUE,0,VLOOKUP(B20,'WBV 4'!$B$3:$C$34,2,FALSE)),IF(ISNA(VLOOKUP(B20,'WBV 4'!$F$3:$G$34,2,FALSE))=TRUE,0,VLOOKUP(B20,'WBV 4'!$F$3:$G$34,2,FALSE)),IF(ISNA(VLOOKUP(B20,'WBV 4'!$J$3:$K$34,2,FALSE))=TRUE,0,VLOOKUP(B20,'WBV 4'!$J$3:$K$34,2,FALSE)),IF(ISNA(VLOOKUP(B20,'WBV 4'!$N$3:$O$34,2,FALSE))=TRUE,0,VLOOKUP(B20,'WBV 4'!$N$3:$O$34,2,FALSE))) -> 0 | L20: =MAX(IF(ISNA(VLOOKUP(B20,'NÖBV 1'!$B$3:$C$34,2,FALSE))=TRUE,0,VLOOKUP(B20,'NÖBV 1'!$B$3:$C$34,2,FALSE)),IF(ISNA(VLOOKUP(B20,'NÖBV 1'!$F$3:$G$34,2,FALSE))=TRUE,0,VLOOKUP(B20,'NÖBV 1'!$F$3:$G$34,2,FALSE)),IF(ISNA(VLOOKUP(B20,'NÖBV 1'!$J$3:$K$34,2,FALSE))=TRUE,0,VLOOKUP(B20,'NÖBV 1'!$J$3:$K$34,2,FALSE)),IF(ISNA(VLOOKUP(B20,'NÖBV 1'!$N$3:$O$34,2,FALSE))=TRUE,0,VLOOKUP(B20,'NÖBV 1'!$N$3:$O$34,2,FALSE))) -> 0 | M20: =MAX(IF(ISNA(VLOOKUP(B20,'NÖBV 2'!$B$3:$C$34,2,FALSE))=TRUE,0,VLOOKUP(B20,'NÖBV 2'!$B$3:$C$34,2,FALSE)),IF(ISNA(VLOOKUP(B20,'NÖBV 2'!$F$3:$G$34,2,FALSE))=TRUE,0,VLOOKUP(B20,'NÖBV 2'!$F$3:$G$34,2,FALSE)),IF(ISNA(VLOOKUP(B20,'NÖBV 2'!$J$3:$K$34,2,FALSE))=TRUE,0,VLOOKUP(B20,'NÖBV 2'!$J$3:$K$34,2,FALSE)),IF(ISNA(VLOOKUP(B20,'NÖBV 2'!$N$3:$O$34,2,FALSE))=TRUE,0,VLOOKUP(B20,'NÖBV 2'!$N$3:$O$34,2,FALSE))) -> 0 | N20: =MAX(IF(ISNA(VLOOKUP(B20,'NÖBV 3'!$B$3:$C$34,2,FALSE))=TRUE,0,VLOOKUP(B20,'NÖBV 3'!$B$3:$C$34,2,FALSE)),IF(ISNA(VLOOKUP(B20,'NÖBV 3'!$F$3:$G$34,2,FALSE))=TRUE,0,VLOOKUP(B20,'NÖBV 3'!$F$3:$G$34,2,FALSE)),IF(ISNA(VLOOKUP(B20,'NÖBV 3'!$J$3:$K$34,2,FALSE))=TRUE,0,VLOOKUP(B20,'NÖBV 3'!$J$3:$K$34,2,FALSE)),IF(ISNA(VLOOKUP(B20,'NÖBV 3'!$N$3:$O$34,2,FALSE))=TRUE,0,VLOOKUP(B20,'NÖBV 3'!$N$3:$O$34,2,FALSE))) -> 0 | O20: =MAX(IF(ISNA(VLOOKUP(B20,'Regioturnier 1'!$B$3:$C$34,2,FALSE))=TRUE,0,VLOOKUP(B20,'Regioturnier 1'!$B$3:$C$34,2,FALSE)),IF(ISNA(VLOOKUP(B20,'Regioturnier 1'!$F$3:$G$34,2,FALSE))=TRUE,0,VLOOKUP(B20,'Regioturnier 1'!$F$3:$G$34,2,FALSE)),IF(ISNA(VLOOKUP(B20,'Regioturnier 1'!$J$3:$K$34,2,FALSE))=TRUE,0,VLOOKUP(B20,'Regioturnier 1'!$J$3:$K$34,2,FALSE)),IF(ISNA(VLOOKUP(B20,'Regioturnier 1'!$N$3:$O$34,2,FALSE))=TRUE,0,VLOOKUP(B20,'Regioturnier 1'!$N$3:$O$34,2,FALSE)),IF(ISNA(VLOOKUP(B20,'Regioturnier 1'!$R$3:$S$34,2,FALSE))=TRUE,0,VLOOKUP(B20,'Regioturnier 1'!$R$3:$S$34,2,FALSE)), IF(ISNA(VLOOKUP(B20,'Regioturnier 1'!$V$3:$W$34,2,FALSE))=TRUE,0,VLOOKUP(B20,'Regioturnier 1'!$V$3:$W$34,2,FALSE)), IF(ISNA(VLOOKUP(B20,'Regioturnier 1'!$Z$3:$AA$34,2,FALSE))=TRUE,0,VLOOKUP(B20,'Regioturnier 1'!$Z$3:$AA$34,2,FALSE))) -> 175 | P20: =MAX(IF(ISNA(VLOOKUP(B20,'Regioturnier 2'!$B$3:$C$34,2,FALSE))=TRUE,0,VLOOKUP(B20,'Regioturnier 2'!$B$3:$C$34,2,FALSE)),IF(ISNA(VLOOKUP(B20,'Regioturnier 2'!$F$3:$G$34,2,FALSE))=TRUE,0,VLOOKUP(B20,'Regioturnier 2'!$F$3:$G$34,2,FALSE)),IF(ISNA(VLOOKUP(B20,'Regioturnier 2'!$J$3:$K$34,2,FALSE))=TRUE,0,VLOOKUP(B20,'Regioturnier 2'!$J$3:$K$34,2,FALSE)),IF(ISNA(VLOOKUP(B20,'Regioturnier 2'!$N$3:$O$34,2,FALSE))=TRUE,0,VLOOKUP(B20,'Regioturnier 2'!$N$3:$O$34,2,FALSE)),IF(ISNA(VLOOKUP(B20,'Regioturnier 2'!$R$3:$S$34,2,FALSE))=TRUE,0,VLOOKUP(B20,'Regioturnier 2'!$R$3:$S$34,2,FALSE)), IF(ISNA(VLOOKUP(B20,'Regioturnier 2'!$V$3:$W$34,2,FALSE))=TRUE,0,VLOOKUP(B20,'Regioturnier 2'!$V$3:$W$34,2,FALSE)), IF(ISNA(VLOOKUP(B20,'Regioturnier 2'!$Z$3:$AA$34,2,FALSE))=TRUE,0,VLOOKUP(B20,'Regioturnier 2'!$Z$3:$AA$34,2,FALSE))) -> 184 | Q20: =MAX(IF(ISNA(VLOOKUP(B20,'Regioturnier 3'!$B$3:$C$34,2,FALSE))=TRUE,0,VLOOKUP(B20,'Regioturnier 3'!$B$3:$C$34,2,FALSE)),IF(ISNA(VLOOKUP(B20,'Regioturnier 3'!$F$3:$G$34,2,FALSE))=TRUE,0,VLOOKUP(B20,'Regioturnier 3'!$F$3:$G$34,2,FALSE)),IF(ISNA(VLOOKUP(B20,'Regioturnier 3'!$J$3:$K$34,2,FALSE))=TRUE,0,VLOOKUP(B20,'Regioturnier 3'!$J$3:$K$34,2,FALSE)),IF(ISNA(VLOOKUP(B20,'Regioturnier 3'!$N$3:$O$34,2,FALSE))=TRUE,0,VLOOKUP(B20,'Regioturnier 3'!$N$3:$O$34,2,FALSE)),IF(ISNA(VLOOKUP(B20,'Regioturnier 3'!$R$3:$S$34,2,FALSE))=TRUE,0,VLOOKUP(B20,'Regioturnier 3'!$R$3:$S$34,2,FALSE)), IF(ISNA(VLOOKUP(B20,'Regioturnier 3'!$V$3:$W$34,2,FALSE))=TRUE,0,VLOOKUP(B20,'Regioturnier 3'!$V$3:$W$34,2,FALSE)), IF(ISNA(VLOOKUP(B20,'Regioturnier 3'!$Z$3:$AA$34,2,FALSE))=TRUE,0,VLOOKUP(B20,'Regioturnier 3'!$Z$3:$AA$34,2,FALSE))) -> 0 | R20: =0.5*INDEX($H20:$N20,MATCH(LARGE($H20:$N20,1),$H20:$N20,0))+0.3*INDEX($H20:$N20,MATCH(LARGE($H20:$N20,2),$H20:$N20,0))+0.2*INDEX($H20:$N20,MATCH(LARGE($H20:$N20,3),$H20:$N20,0)) -> 124.1 | S20: =0.6*INDEX(O20:Q20,MATCH(LARGE(O20:Q20,1),O20:Q20,0))+0.4*INDEX(O20:Q20,MATCH(LARGE(O20:Q20,2),O20:Q20,0))+0*INDEX(O20:Q20,MATCH(LARGE(O20:Q20,3),O20:Q20,0)) -> 180.4 | T20: =1*INDEX(R20:S20,MATCH(LARGE(R20:S20,1),R20:S20,0))+0*INDEX(R20:S20,MATCH(LARGE(R20:S20,2),R20:S20,0)) -> 180.4
A21: 20 | B21: Boen Yan | C21: Badminton Point Vienna | D21: WBV | E21: M | F21: 111727 | G21: 2014 | H21: =MAX(IF(ISNA(VLOOKUP(B21,'WBV 1'!$B$3:$C$34,2,FALSE))=TRUE,0,VLOOKUP(B21,'WBV 1'!$B$3:$C$34,2,FALSE)),IF(ISNA(VLOOKUP(B21,'WBV 1'!$F$3:$G$34,2,FALSE))=TRUE,0,VLOOKUP(B21,'WBV 1'!$F$3:$G$34,2,FALSE)),IF(ISNA(VLOOKUP(B21,'WBV 1'!$J$3:$K$34,2,FALSE))=TRUE,0,VLOOKUP(B21,'WBV 1'!$J$3:$K$34,2,FALSE)),IF(ISNA(VLOOKUP(B21,'WBV 1'!$N$3:$O$34,2,FALSE))=TRUE,0,VLOOKUP(B21,'WBV 1'!$N$3:$O$34,2,FALSE))) -> 178 | I21: =MAX(IF(ISNA(VLOOKUP(B21,'WBV 2'!$B$3:$C$34,2,FALSE))=TRUE,0,VLOOKUP(B21,'WBV 2'!$B$3:$C$34,2,FALSE)),IF(ISNA(VLOOKUP(B21,'WBV 2'!$F$3:$G$34,2,FALSE))=TRUE,0,VLOOKUP(B21,'WBV 2'!$F$3:$G$34,2,FALSE)),IF(ISNA(VLOOKUP(B21,'WBV 2'!$J$3:$K$34,2,FALSE))=TRUE,0,VLOOKUP(B21,'WBV 2'!$J$3:$K$34,2,FALSE)),IF(ISNA(VLOOKUP(B21,'WBV 2'!$N$3:$O$34,2,FALSE))=TRUE,0,VLOOKUP(B21,'WBV 2'!$N$3:$O$34,2,FALSE))) -> 179 | J21: =MAX(IF(ISNA(VLOOKUP(B21,'WBV 3'!$B$3:$C$34,2,FALSE))=TRUE,0,VLOOKUP(B21,'WBV 3'!$B$3:$C$34,2,FALSE)),IF(ISNA(VLOOKUP(B21,'WBV 3'!$F$3:$G$34,2,FALSE))=TRUE,0,VLOOKUP(B21,'WBV 3'!$F$3:$G$34,2,FALSE)),IF(ISNA(VLOOKUP(B21,'WBV 3'!$J$3:$K$34,2,FALSE))=TRUE,0,VLOOKUP(B21,'WBV 3'!$J$3:$K$34,2,FALSE)),IF(ISNA(VLOOKUP(B21,'WBV 3'!$N$3:$O$34,2,FALSE))=TRUE,0,VLOOKUP(B21,'WBV 3'!$N$3:$O$34,2,FALSE))) -> 177 | K21: =MAX(IF(ISNA(VLOOKUP(B21,'WBV 4'!$B$3:$C$34,2,FALSE))=TRUE,0,VLOOKUP(B21,'WBV 4'!$B$3:$C$34,2,FALSE)),IF(ISNA(VLOOKUP(B21,'WBV 4'!$F$3:$G$34,2,FALSE))=TRUE,0,VLOOKUP(B21,'WBV 4'!$F$3:$G$34,2,FALSE)),IF(ISNA(VLOOKUP(B21,'WBV 4'!$J$3:$K$34,2,FALSE))=TRUE,0,VLOOKUP(B21,'WBV 4'!$J$3:$K$34,2,FALSE)),IF(ISNA(VLOOKUP(B21,'WBV 4'!$N$3:$O$34,2,FALSE))=TRUE,0,VLOOKUP(B21,'WBV 4'!$N$3:$O$34,2,FALSE))) -> 0 | L21: =MAX(IF(ISNA(VLOOKUP(B21,'NÖBV 1'!$B$3:$C$34,2,FALSE))=TRUE,0,VLOOKUP(B21,'NÖBV 1'!$B$3:$C$34,2,FALSE)),IF(ISNA(VLOOKUP(B21,'NÖBV 1'!$F$3:$G$34,2,FALSE))=TRUE,0,VLOOKUP(B21,'NÖBV 1'!$F$3:$G$34,2,FALSE)),IF(ISNA(VLOOKUP(B21,'NÖBV 1'!$J$3:$K$34,2,FALSE))=TRUE,0,VLOOKUP(B21,'NÖBV 1'!$J$3:$K$34,2,FALSE)),IF(ISNA(VLOOKUP(B21,'NÖBV 1'!$N$3:$O$34,2,FALSE))=TRUE,0,VLOOKUP(B21,'NÖBV 1'!$N$3:$O$34,2,FALSE))) -> 0 | M21: =MAX(IF(ISNA(VLOOKUP(B21,'NÖBV 2'!$B$3:$C$34,2,FALSE))=TRUE,0,VLOOKUP(B21,'NÖBV 2'!$B$3:$C$34,2,FALSE)),IF(ISNA(VLOOKUP(B21,'NÖBV 2'!$F$3:$G$34,2,FALSE))=TRUE,0,VLOOKUP(B21,'NÖBV 2'!$F$3:$G$34,2,FALSE)),IF(ISNA(VLOOKUP(B21,'NÖBV 2'!$J$3:$K$34,2,FALSE))=TRUE,0,VLOOKUP(B21,'NÖBV 2'!$J$3:$K$34,2,FALSE)),IF(ISNA(VLOOKUP(B21,'NÖBV 2'!$N$3:$O$34,2,FALSE))=TRUE,0,VLOOKUP(B21,'NÖBV 2'!$N$3:$O$34,2,FALSE))) -> 0 | N21: =MAX(IF(ISNA(VLOOKUP(B21,'NÖBV 3'!$B$3:$C$34,2,FALSE))=TRUE,0,VLOOKUP(B21,'NÖBV 3'!$B$3:$C$34,2,FALSE)),IF(ISNA(VLOOKUP(B21,'NÖBV 3'!$F$3:$G$34,2,FALSE))=TRUE,0,VLOOKUP(B21,'NÖBV 3'!$F$3:$G$34,2,FALSE)),IF(ISNA(VLOOKUP(B21,'NÖBV 3'!$J$3:$K$34,2,FALSE))=TRUE,0,VLOOKUP(B21,'NÖBV 3'!$J$3:$K$34,2,FALSE)),IF(ISNA(VLOOKUP(B21,'NÖBV 3'!$N$3:$O$34,2,FALSE))=TRUE,0,VLOOKUP(B21,'NÖBV 3'!$N$3:$O$34,2,FALSE))) -> 0 | O21: =MAX(IF(ISNA(VLOOKUP(B21,'Regioturnier 1'!$B$3:$C$34,2,FALSE))=TRUE,0,VLOOKUP(B21,'Regioturnier 1'!$B$3:$C$34,2,FALSE)),IF(ISNA(VLOOKUP(B21,'Regioturnier 1'!$F$3:$G$34,2,FALSE))=TRUE,0,VLOOKUP(B21,'Regioturnier 1'!$F$3:$G$34,2,FALSE)),IF(ISNA(VLOOKUP(B21,'Regioturnier 1'!$J$3:$K$34,2,FALSE))=TRUE,0,VLOOKUP(B21,'Regioturnier 1'!$J$3:$K$34,2,FALSE)),IF(ISNA(VLOOKUP(B21,'Regioturnier 1'!$N$3:$O$34,2,FALSE))=TRUE,0,VLOOKUP(B21,'Regioturnier 1'!$N$3:$O$34,2,FALSE)),IF(ISNA(VLOOKUP(B21,'Regioturnier 1'!$R$3:$S$34,2,FALSE))=TRUE,0,VLOOKUP(B21,'Regioturnier 1'!$R$3:$S$34,2,FALSE)), IF(ISNA(VLOOKUP(B21,'Regioturnier 1'!$V$3:$W$34,2,FALSE))=TRUE,0,VLOOKUP(B21,'Regioturnier 1'!$V$3:$W$34,2,FALSE)), IF(ISNA(VLOOKUP(B21,'Regioturnier 1'!$Z$3:$AA$34,2,FALSE))=TRUE,0,VLOOKUP(B21,'Regioturnier 1'!$Z$3:$AA$34,2,FALSE))) -> 193 | P21: =MAX(IF(ISNA(VLOOKUP(B21,'Regioturnier 2'!$B$3:$C$34,2,FALSE))=TRUE,0,VLOOKUP(B21,'Regioturnier 2'!$B$3:$C$34,2,FALSE)),IF(ISNA(VLOOKUP(B21,'Regioturnier 2'!$F$3:$G$34,2,FALSE))=TRUE,0,VLOOKUP(B21,'Regioturnier 2'!$F$3:$G$34,2,FALSE)),IF(ISNA(VLOOKUP(B21,'Regioturnier 2'!$J$3:$K$34,2,FALSE))=TRUE,0,VLOOKUP(B21,'Regioturnier 2'!$J$3:$K$34,2,FALSE)),IF(ISNA(VLOOKUP(B21,'Regioturnier 2'!$N$3:$O$34,2,FALSE))=TRUE,0,VLOOKUP(B21,'Regioturnier 2'!$N$3:$O$34,2,FALSE)),IF(ISNA(VLOOKUP(B21,'Regioturnier 2'!$R$3:$S$34,2,FALSE))=TRUE,0,VLOOKUP(B21,'Regioturnier 2'!$R$3:$S$34,2,FALSE)), IF(ISNA(VLOOKUP(B21,'Regioturnier 2'!$V$3:$W$34,2,FALSE))=TRUE,0,VLOOKUP(B21,'Regioturnier 2'!$V$3:$W$34,2,FALSE)), IF(ISNA(VLOOKUP(B21,'Regioturnier 2'!$Z$3:$AA$34,2,FALSE))=TRUE,0,VLOOKUP(B21,'Regioturnier 2'!$Z$3:$AA$34,2,FALSE))) -> 0 | Q21: =MAX(IF(ISNA(VLOOKUP(B21,'Regioturnier 3'!$B$3:$C$34,2,FALSE))=TRUE,0,VLOOKUP(B21,'Regioturnier 3'!$B$3:$C$34,2,FALSE)),IF(ISNA(VLOOKUP(B21,'Regioturnier 3'!$F$3:$G$34,2,FALSE))=TRUE,0,VLOOKUP(B21,'Regioturnier 3'!$F$3:$G$34,2,FALSE)),IF(ISNA(VLOOKUP(B21,'Regioturnier 3'!$J$3:$K$34,2,FALSE))=TRUE,0,VLOOKUP(B21,'Regioturnier 3'!$J$3:$K$34,2,FALSE)),IF(ISNA(VLOOKUP(B21,'Regioturnier 3'!$N$3:$O$34,2,FALSE))=TRUE,0,VLOOKUP(B21,'Regioturnier 3'!$N$3:$O$34,2,FALSE)),IF(ISNA(VLOOKUP(B21,'Regioturnier 3'!$R$3:$S$34,2,FALSE))=TRUE,0,VLOOKUP(B21,'Regioturnier 3'!$R$3:$S$34,2,FALSE)), IF(ISNA(VLOOKUP(B21,'Regioturnier 3'!$V$3:$W$34,2,FALSE))=TRUE,0,VLOOKUP(B21,'Regioturnier 3'!$V$3:$W$34,2,FALSE)), IF(ISNA(VLOOKUP(B21,'Regioturnier 3'!$Z$3:$AA$34,2,FALSE))=TRUE,0,VLOOKUP(B21,'Regioturnier 3'!$Z$3:$AA$34,2,FALSE))) -> 0 | R21: =0.5*INDEX($H21:$N21,MATCH(LARGE($H21:$N21,1),$H21:$N21,0))+0.3*INDEX($H21:$N21,MATCH(LARGE($H21:$N21,2),$H21:$N21,0))+0.2*INDEX($H21:$N21,MATCH(LARGE($H21:$N21,3),$H21:$N21,0)) -> 178.3 | S21: =0.6*INDEX(O21:Q21,MATCH(LARGE(O21:Q21,1),O21:Q21,0))+0.4*INDEX(O21:Q21,MATCH(LARGE(O21:Q21,2),O21:Q21,0))+0*INDEX(O21:Q21,MATCH(LARGE(O21:Q21,3),O21:Q21,0)) -> 115.8 | T21: =1*INDEX(R21:S21,MATCH(LARGE(R21:S21,1),R21:S21,0))+0*INDEX(R21:S21,MATCH(LARGE(R21:S21,2),R21:S21,0)) -> 178.3
A22: 21 | B22: Nora Walter | C22: BC St. Pölten | D22: NÖBV | E22: W | F22: 208476 | G22: 2014 | H22: =MAX(IF(ISNA(VLOOKUP(B22,'WBV 1'!$B$3:$C$34,2,FALSE))=TRUE,0,VLOOKUP(B22,'WBV 1'!$B$3:$C$34,2,FALSE)),IF(ISNA(VLOOKUP(B22,'WBV 1'!$F$3:$G$34,2,FALSE))=TRUE,0,VLOOKUP(B22,'WBV 1'!$F$3:$G$34,2,FALSE)),IF(ISNA(VLOOKUP(B22,'WBV 1'!$J$3:$K$34,2,FALSE))=TRUE,0,VLOOKUP(B22,'WBV 1'!$J$3:$K$34,2,FALSE)),IF(ISNA(VLOOKUP(B22,'WBV 1'!$N$3:$O$34,2,FALSE))=TRUE,0,VLOOKUP(B22,'WBV 1'!$N$3:$O$34,2,FALSE))) -> 0 | I22: =MAX(IF(ISNA(VLOOKUP(B22,'WBV 2'!$B$3:$C$34,2,FALSE))=TRUE,0,VLOOKUP(B22,'WBV 2'!$B$3:$C$34,2,FALSE)),IF(ISNA(VLOOKUP(B22,'WBV 2'!$F$3:$G$34,2,FALSE))=TRUE,0,VLOOKUP(B22,'WBV 2'!$F$3:$G$34,2,FALSE)),IF(ISNA(VLOOKUP(B22,'WBV 2'!$J$3:$K$34,2,FALSE))=TRUE,0,VLOOKUP(B22,'WBV 2'!$J$3:$K$34,2,FALSE)),IF(ISNA(VLOOKUP(B22,'WBV 2'!$N$3:$O$34,2,FALSE))=TRUE,0,VLOOKUP(B22,'WBV 2'!$N$3:$O$34,2,FALSE))) -> 0 | J22: =MAX(IF(ISNA(VLOOKUP(B22,'WBV 3'!$B$3:$C$34,2,FALSE))=TRUE,0,VLOOKUP(B22,'WBV 3'!$B$3:$C$34,2,FALSE)),IF(ISNA(VLOOKUP(B22,'WBV 3'!$F$3:$G$34,2,FALSE))=TRUE,0,VLOOKUP(B22,'WBV 3'!$F$3:$G$34,2,FALSE)),IF(ISNA(VLOOKUP(B22,'WBV 3'!$J$3:$K$34,2,FALSE))=TRUE,0,VLOOKUP(B22,'WBV 3'!$J$3:$K$34,2,FALSE)),IF(ISNA(VLOOKUP(B22,'WBV 3'!$N$3:$O$34,2,FALSE))=TRUE,0,VLOOKUP(B22,'WBV 3'!$N$3:$O$34,2,FALSE))) -> 0 | K22: =MAX(IF(ISNA(VLOOKUP(B22,'WBV 4'!$B$3:$C$34,2,FALSE))=TRUE,0,VLOOKUP(B22,'WBV 4'!$B$3:$C$34,2,FALSE)),IF(ISNA(VLOOKUP(B22,'WBV 4'!$F$3:$G$34,2,FALSE))=TRUE,0,VLOOKUP(B22,'WBV 4'!$F$3:$G$34,2,FALSE)),IF(ISNA(VLOOKUP(B22,'WBV 4'!$J$3:$K$34,2,FALSE))=TRUE,0,VLOOKUP(B22,'WBV 4'!$J$3:$K$34,2,FALSE)),IF(ISNA(VLOOKUP(B22,'WBV 4'!$N$3:$O$34,2,FALSE))=TRUE,0,VLOOKUP(B22,'WBV 4'!$N$3:$O$34,2,FALSE))) -> 0 | L22: =MAX(IF(ISNA(VLOOKUP(B22,'NÖBV 1'!$B$3:$C$34,2,FALSE))=TRUE,0,VLOOKUP(B22,'NÖBV 1'!$B$3:$C$34,2,FALSE)),IF(ISNA(VLOOKUP(B22,'NÖBV 1'!$F$3:$G$34,2,FALSE))=TRUE,0,VLOOKUP(B22,'NÖBV 1'!$F$3:$G$34,2,FALSE)),IF(ISNA(VLOOKUP(B22,'NÖBV 1'!$J$3:$K$34,2,FALSE))=TRUE,0,VLOOKUP(B22,'NÖBV 1'!$J$3:$K$34,2,FALSE)),IF(ISNA(VLOOKUP(B22,'NÖBV 1'!$N$3:$O$34,2,FALSE))=TRUE,0,VLOOKUP(B22,'NÖBV 1'!$N$3:$O$34,2,FALSE))) -> 176 | M22: =MAX(IF(ISNA(VLOOKUP(B22,'NÖBV 2'!$B$3:$C$34,2,FALSE))=TRUE,0,VLOOKUP(B22,'NÖBV 2'!$B$3:$C$34,2,FALSE)),IF(ISNA(VLOOKUP(B22,'NÖBV 2'!$F$3:$G$34,2,FALSE))=TRUE,0,VLOOKUP(B22,'NÖBV 2'!$F$3:$G$34,2,FALSE)),IF(ISNA(VLOOKUP(B22,'NÖBV 2'!$J$3:$K$34,2,FALSE))=TRUE,0,VLOOKUP(B22,'NÖBV 2'!$J$3:$K$34,2,FALSE)),IF(ISNA(VLOOKUP(B22,'NÖBV 2'!$N$3:$O$34,2,FALSE))=TRUE,0,VLOOKUP(B22,'NÖBV 2'!$N$3:$O$34,2,FALSE))) -> 164 | N22: =MAX(IF(ISNA(VLOOKUP(B22,'NÖBV 3'!$B$3:$C$34,2,FALSE))=TRUE,0,VLOOKUP(B22,'NÖBV 3'!$B$3:$C$34,2,FALSE)),IF(ISNA(VLOOKUP(B22,'NÖBV 3'!$F$3:$G$34,2,FALSE))=TRUE,0,VLOOKUP(B22,'NÖBV 3'!$F$3:$G$34,2,FALSE)),IF(ISNA(VLOOKUP(B22,'NÖBV 3'!$J$3:$K$34,2,FALSE))=TRUE,0,VLOOKUP(B22,'NÖBV 3'!$J$3:$K$34,2,FALSE)),IF(ISNA(VLOOKUP(B22,'NÖBV 3'!$N$3:$O$34,2,FALSE))=TRUE,0,VLOOKUP(B22,'NÖBV 3'!$N$3:$O$34,2,FALSE))) -> 180 | O22: =MAX(IF(ISNA(VLOOKUP(B22,'Regioturnier 1'!$B$3:$C$34,2,FALSE))=TRUE,0,VLOOKUP(B22,'Regioturnier 1'!$B$3:$C$34,2,FALSE)),IF(ISNA(VLOOKUP(B22,'Regioturnier 1'!$F$3:$G$34,2,FALSE))=TRUE,0,VLOOKUP(B22,'Regioturnier 1'!$F$3:$G$34,2,FALSE)),IF(ISNA(VLOOKUP(B22,'Regioturnier 1'!$J$3:$K$34,2,FALSE))=TRUE,0,VLOOKUP(B22,'Regioturnier 1'!$J$3:$K$34,2,FALSE)),IF(ISNA(VLOOKUP(B22,'Regioturnier 1'!$N$3:$O$34,2,FALSE))=TRUE,0,VLOOKUP(B22,'Regioturnier 1'!$N$3:$O$34,2,FALSE)),IF(ISNA(VLOOKUP(B22,'Regioturnier 1'!$R$3:$S$34,2,FALSE))=TRUE,0,VLOOKUP(B22,'Regioturnier 1'!$R$3:$S$34,2,FALSE)), IF(ISNA(VLOOKUP(B22,'Regioturnier 1'!$V$3:$W$34,2,FALSE))=TRUE,0,VLOOKUP(B22,'Regioturnier 1'!$V$3:$W$34,2,FALSE)), IF(ISNA(VLOOKUP(B22,'Regioturnier 1'!$Z$3:$AA$34,2,FALSE))=TRUE,0,VLOOKUP(B22,'Regioturnier 1'!$Z$3:$AA$34,2,FALSE))) -> 0 | P22: =MAX(IF(ISNA(VLOOKUP(B22,'Regioturnier 2'!$B$3:$C$34,2,FALSE))=TRUE,0,VLOOKUP(B22,'Regioturnier 2'!$B$3:$C$34,2,FALSE)),IF(ISNA(VLOOKUP(B22,'Regioturnier 2'!$F$3:$G$34,2,FALSE))=TRUE,0,VLOOKUP(B22,'Regioturnier 2'!$F$3:$G$34,2,FALSE)),IF(ISNA(VLOOKUP(B22,'Regioturnier 2'!$J$3:$K$34,2,FALSE))=TRUE,0,VLOOKUP(B22,'Regioturnier 2'!$J$3:$K$34,2,FALSE)),IF(ISNA(VLOOKUP(B22,'Regioturnier 2'!$N$3:$O$34,2,FALSE))=TRUE,0,VLOOKUP(B22,'Regioturnier 2'!$N$3:$O$34,2,FALSE)),IF(ISNA(VLOOKUP(B22,'Regioturnier 2'!$R$3:$S$34,2,FALSE))=TRUE,0,VLOOKUP(B22,'Regioturnier 2'!$R$3:$S$34,2,FALSE)), IF(ISNA(VLOOKUP(B22,'Regioturnier 2'!$V$3:$W$34,2,FALSE))=TRUE,0,VLOOKUP(B22,'Regioturnier 2'!$V$3:$W$34,2,FALSE)), IF(ISNA(VLOOKUP(B22,'Regioturnier 2'!$Z$3:$AA$34,2,FALSE))=TRUE,0,VLOOKUP(B22,'Regioturnier 2'!$Z$3:$AA$34,2,FALSE))) -> 184 | Q22: =MAX(IF(ISNA(VLOOKUP(B22,'Regioturnier 3'!$B$3:$C$34,2,FALSE))=TRUE,0,VLOOKUP(B22,'Regioturnier 3'!$B$3:$C$34,2,FALSE)),IF(ISNA(VLOOKUP(B22,'Regioturnier 3'!$F$3:$G$34,2,FALSE))=TRUE,0,VLOOKUP(B22,'Regioturnier 3'!$F$3:$G$34,2,FALSE)),IF(ISNA(VLOOKUP(B22,'Regioturnier 3'!$J$3:$K$34,2,FALSE))=TRUE,0,VLOOKUP(B22,'Regioturnier 3'!$J$3:$K$34,2,FALSE)),IF(ISNA(VLOOKUP(B22,'Regioturnier 3'!$N$3:$O$34,2,FALSE))=TRUE,0,VLOOKUP(B22,'Regioturnier 3'!$N$3:$O$34,2,FALSE)),IF(ISNA(VLOOKUP(B22,'Regioturnier 3'!$R$3:$S$34,2,FALSE))=TRUE,0,VLOOKUP(B22,'Regioturnier 3'!$R$3:$S$34,2,FALSE)), IF(ISNA(VLOOKUP(B22,'Regioturnier 3'!$V$3:$W$34,2,FALSE))=TRUE,0,VLOOKUP(B22,'Regioturnier 3'!$V$3:$W$34,2,FALSE)), IF(ISNA(VLOOKUP(B22,'Regioturnier 3'!$Z$3:$AA$34,2,FALSE))=TRUE,0,VLOOKUP(B22,'Regioturnier 3'!$Z$3:$AA$34,2,FALSE))) -> 0 | R22: =0.5*INDEX($H22:$N22,MATCH(LARGE($H22:$N22,1),$H22:$N22,0))+0.3*INDEX($H22:$N22,MATCH(LARGE($H22:$N22,2),$H22:$N22,0))+0.2*INDEX($H22:$N22,MATCH(LARGE($H22:$N22,3),$H22:$N22,0)) -> 175.6 | S22: =0.6*INDEX(O22:Q22,MATCH(LARGE(O22:Q22,1),O22:Q22,0))+0.4*INDEX(O22:Q22,MATCH(LARGE(O22:Q22,2),O22:Q22,0))+0*INDEX(O22:Q22,MATCH(LARGE(O22:Q22,3),O22:Q22,0)) -> 110.4 | T22: =1*INDEX(R22:S22,MATCH(LARGE(R22:S22,1),R22:S22,0))+0*INDEX(R22:S22,MATCH(LARGE(R22:S22,2),R22:S22,0)) -> 175.6
A23: 22 | B23: Alisha Huang | C23: Union VRC Badminton | D23: WBV | E23: W | F23: 112208 | G23: 2012 | H23: =MAX(IF(ISNA(VLOOKUP(B23,'WBV 1'!$B$3:$C$34,2,FALSE))=TRUE,0,VLOOKUP(B23,'WBV 1'!$B$3:$C$34,2,FALSE)),IF(ISNA(VLOOKUP(B23,'WBV 1'!$F$3:$G$34,2,FALSE))=TRUE,0,VLOOKUP(B23,'WBV 1'!$F$3:$G$34,2,FALSE)),IF(ISNA(VLOOKUP(B23,'WBV 1'!$J$3:$K$34,2,FALSE))=TRUE,0,VLOOKUP(B23,'WBV 1'!$J$3:$K$34,2,FALSE)),IF(ISNA(VLOOKUP(B23,'WBV 1'!$N$3:$O$34,2,FALSE))=TRUE,0,VLOOKUP(B23,'WBV 1'!$N$3:$O$34,2,FALSE))) -> 159 | I23: =MAX(IF(ISNA(VLOOKUP(B23,'WBV 2'!$B$3:$C$34,2,FALSE))=TRUE,0,VLOOKUP(B23,'WBV 2'!$B$3:$C$34,2,FALSE)),IF(ISNA(VLOOKUP(B23,'WBV 2'!$F$3:$G$34,2,FALSE))=TRUE,0,VLOOKUP(B23,'WBV 2'!$F$3:$G$34,2,FALSE)),IF(ISNA(VLOOKUP(B23,'WBV 2'!$J$3:$K$34,2,FALSE))=TRUE,0,VLOOKUP(B23,'WBV 2'!$J$3:$K$34,2,FALSE)),IF(ISNA(VLOOKUP(B23,'WBV 2'!$N$3:$O$34,2,FALSE))=TRUE,0,VLOOKUP(B23,'WBV 2'!$N$3:$O$34,2,FALSE))) -> 140 | J23: =MAX(IF(ISNA(VLOOKUP(B23,'WBV 3'!$B$3:$C$34,2,FALSE))=TRUE,0,VLOOKUP(B23,'WBV 3'!$B$3:$C$34,2,FALSE)),IF(ISNA(VLOOKUP(B23,'WBV 3'!$F$3:$G$34,2,FALSE))=TRUE,0,VLOOKUP(B23,'WBV 3'!$F$3:$G$34,2,FALSE)),IF(ISNA(VLOOKUP(B23,'WBV 3'!$J$3:$K$34,2,FALSE))=TRUE,0,VLOOKUP(B23,'WBV 3'!$J$3:$K$34,2,FALSE)),IF(ISNA(VLOOKUP(B23,'WBV 3'!$N$3:$O$34,2,FALSE))=TRUE,0,VLOOKUP(B23,'WBV 3'!$N$3:$O$34,2,FALSE))) -> 0 | K23: =MAX(IF(ISNA(VLOOKUP(B23,'WBV 4'!$B$3:$C$34,2,FALSE))=TRUE,0,VLOOKUP(B23,'WBV 4'!$B$3:$C$34,2,FALSE)),IF(ISNA(VLOOKUP(B23,'WBV 4'!$F$3:$G$34,2,FALSE))=TRUE,0,VLOOKUP(B23,'WBV 4'!$F$3:$G$34,2,FALSE)),IF(ISNA(VLOOKUP(B23,'WBV 4'!$J$3:$K$34,2,FALSE))=TRUE,0,VLOOKUP(B23,'WBV 4'!$J$3:$K$34,2,FALSE)),IF(ISNA(VLOOKUP(B23,'WBV 4'!$N$3:$O$34,2,FALSE))=TRUE,0,VLOOKUP(B23,'WBV 4'!$N$3:$O$34,2,FALSE))) -> 0 | L23: =MAX(IF(ISNA(VLOOKUP(B23,'NÖBV 1'!$B$3:$C$34,2,FALSE))=TRUE,0,VLOOKUP(B23,'NÖBV 1'!$B$3:$C$34,2,FALSE)),IF(ISNA(VLOOKUP(B23,'NÖBV 1'!$F$3:$G$34,2,FALSE))=TRUE,0,VLOOKUP(B23,'NÖBV 1'!$F$3:$G$34,2,FALSE)),IF(ISNA(VLOOKUP(B23,'NÖBV 1'!$J$3:$K$34,2,FALSE))=TRUE,0,VLOOKUP(B23,'NÖBV 1'!$J$3:$K$34,2,FALSE)),IF(ISNA(VLOOKUP(B23,'NÖBV 1'!$N$3:$O$34,2,FALSE))=TRUE,0,VLOOKUP(B23,'NÖBV 1'!$N$3:$O$34,2,FALSE))) -> 0 | M23: =MAX(IF(ISNA(VLOOKUP(B23,'NÖBV 2'!$B$3:$C$34,2,FALSE))=TRUE,0,VLOOKUP(B23,'NÖBV 2'!$B$3:$C$34,2,FALSE)),IF(ISNA(VLOOKUP(B23,'NÖBV 2'!$F$3:$G$34,2,FALSE))=TRUE,0,VLOOKUP(B23,'NÖBV 2'!$F$3:$G$34,2,FALSE)),IF(ISNA(VLOOKUP(B23,'NÖBV 2'!$J$3:$K$34,2,FALSE))=TRUE,0,VLOOKUP(B23,'NÖBV 2'!$J$3:$K$34,2,FALSE)),IF(ISNA(VLOOKUP(B23,'NÖBV 2'!$N$3:$O$34,2,FALSE))=TRUE,0,VLOOKUP(B23,'NÖBV 2'!$N$3:$O$34,2,FALSE))) -> 0 | N23: =MAX(IF(ISNA(VLOOKUP(B23,'NÖBV 3'!$B$3:$C$34,2,FALSE))=TRUE,0,VLOOKUP(B23,'NÖBV 3'!$B$3:$C$34,2,FALSE)),IF(ISNA(VLOOKUP(B23,'NÖBV 3'!$F$3:$G$34,2,FALSE))=TRUE,0,VLOOKUP(B23,'NÖBV 3'!$F$3:$G$34,2,FALSE)),IF(ISNA(VLOOKUP(B23,'NÖBV 3'!$J$3:$K$34,2,FALSE))=TRUE,0,VLOOKUP(B23,'NÖBV 3'!$J$3:$K$34,2,FALSE)),IF(ISNA(VLOOKUP(B23,'NÖBV 3'!$N$3:$O$34,2,FALSE))=TRUE,0,VLOOKUP(B23,'NÖBV 3'!$N$3:$O$34,2,FALSE))) -> 0 | O23: =MAX(IF(ISNA(VLOOKUP(B23,'Regioturnier 1'!$B$3:$C$34,2,FALSE))=TRUE,0,VLOOKUP(B23,'Regioturnier 1'!$B$3:$C$34,2,FALSE)),IF(ISNA(VLOOKUP(B23,'Regioturnier 1'!$F$3:$G$34,2,FALSE))=TRUE,0,VLOOKUP(B23,'Regioturnier 1'!$F$3:$G$34,2,FALSE)),IF(ISNA(VLOOKUP(B23,'Regioturnier 1'!$J$3:$K$34,2,FALSE))=TRUE,0,VLOOKUP(B23,'Regioturnier 1'!$J$3:$K$34,2,FALSE)),IF(ISNA(VLOOKUP(B23,'Regioturnier 1'!$N$3:$O$34,2,FALSE))=TRUE,0,VLOOKUP(B23,'Regioturnier 1'!$N$3:$O$34,2,FALSE)),IF(ISNA(VLOOKUP(B23,'Regioturnier 1'!$R$3:$S$34,2,FALSE))=TRUE,0,VLOOKUP(B23,'Regioturnier 1'!$R$3:$S$34,2,FALSE)), IF(ISNA(VLOOKUP(B23,'Regioturnier 1'!$V$3:$W$34,2,FALSE))=TRUE,0,VLOOKUP(B23,'Regioturnier 1'!$V$3:$W$34,2,FALSE)), IF(ISNA(VLOOKUP(B23,'Regioturnier 1'!$Z$3:$AA$34,2,FALSE))=TRUE,0,VLOOKUP(B23,'Regioturnier 1'!$Z$3:$AA$34,2,FALSE))) -> 179 | P23: =MAX(IF(ISNA(VLOOKUP(B23,'Regioturnier 2'!$B$3:$C$34,2,FALSE))=TRUE,0,VLOOKUP(B23,'Regioturnier 2'!$B$3:$C$34,2,FALSE)),IF(ISNA(VLOOKUP(B23,'Regioturnier 2'!$F$3:$G$34,2,FALSE))=TRUE,0,VLOOKUP(B23,'Regioturnier 2'!$F$3:$G$34,2,FALSE)),IF(ISNA(VLOOKUP(B23,'Regioturnier 2'!$J$3:$K$34,2,FALSE))=TRUE,0,VLOOKUP(B23,'Regioturnier 2'!$J$3:$K$34,2,FALSE)),IF(ISNA(VLOOKUP(B23,'Regioturnier 2'!$N$3:$O$34,2,FALSE))=TRUE,0,VLOOKUP(B23,'Regioturnier 2'!$N$3:$O$34,2,FALSE)),IF(ISNA(VLOOKUP(B23,'Regioturnier 2'!$R$3:$S$34,2,FALSE))=TRUE,0,VLOOKUP(B23,'Regioturnier 2'!$R$3:$S$34,2,FALSE)), IF(ISNA(VLOOKUP(B23,'Regioturnier 2'!$V$3:$W$34,2,FALSE))=TRUE,0,VLOOKUP(B23,'Regioturnier 2'!$V$3:$W$34,2,FALSE)), IF(ISNA(VLOOKUP(B23,'Regioturnier 2'!$Z$3:$AA$34,2,FALSE))=TRUE,0,VLOOKUP(B23,'Regioturnier 2'!$Z$3:$AA$34,2,FALSE))) -> 169 | Q23: =MAX(IF(ISNA(VLOOKUP(B23,'Regioturnier 3'!$B$3:$C$34,2,FALSE))=TRUE,0,VLOOKUP(B23,'Regioturnier 3'!$B$3:$C$34,2,FALSE)),IF(ISNA(VLOOKUP(B23,'Regioturnier 3'!$F$3:$G$34,2,FALSE))=TRUE,0,VLOOKUP(B23,'Regioturnier 3'!$F$3:$G$34,2,FALSE)),IF(ISNA(VLOOKUP(B23,'Regioturnier 3'!$J$3:$K$34,2,FALSE))=TRUE,0,VLOOKUP(B23,'Regioturnier 3'!$J$3:$K$34,2,FALSE)),IF(ISNA(VLOOKUP(B23,'Regioturnier 3'!$N$3:$O$34,2,FALSE))=TRUE,0,VLOOKUP(B23,'Regioturnier 3'!$N$3:$O$34,2,FALSE)),IF(ISNA(VLOOKUP(B23,'Regioturnier 3'!$R$3:$S$34,2,FALSE))=TRUE,0,VLOOKUP(B23,'Regioturnier 3'!$R$3:$S$34,2,FALSE)), IF(ISNA(VLOOKUP(B23,'Regioturnier 3'!$V$3:$W$34,2,FALSE))=TRUE,0,VLOOKUP(B23,'Regioturnier 3'!$V$3:$W$34,2,FALSE)), IF(ISNA(VLOOKUP(B23,'Regioturnier 3'!$Z$3:$AA$34,2,FALSE))=TRUE,0,VLOOKUP(B23,'Regioturnier 3'!$Z$3:$AA$34,2,FALSE))) -> 0 | R23: =0.5*INDEX($H23:$N23,MATCH(LARGE($H23:$N23,1),$H23:$N23,0))+0.3*INDEX($H23:$N23,MATCH(LARGE($H23:$N23,2),$H23:$N23,0))+0.2*INDEX($H23:$N23,MATCH(LARGE($H23:$N23,3),$H23:$N23,0)) -> 121.5 | S23: =0.6*INDEX(O23:Q23,MATCH(LARGE(O23:Q23,1),O23:Q23,0))+0.4*INDEX(O23:Q23,MATCH(LARGE(O23:Q23,2),O23:Q23,0))+0*INDEX(O23:Q23,MATCH(LARGE(O23:Q23,3),O23:Q23,0)) -> 175 | T23: =1*INDEX(R23:S23,MATCH(LARGE(R23:S23,1),R23:S23,0))+0*INDEX(R23:S23,MATCH(LARGE(R23:S23,2),R23:S23,0)) -> 175
A24: 23 | B24: Marco Papp | C24: Badminton Mödling | D24: NÖBV | E24: M | F24: 207976 | G24: 2013 | H24: =MAX(IF(ISNA(VLOOKUP(B24,'WBV 1'!$B$3:$C$34,2,FALSE))=TRUE,0,VLOOKUP(B24,'WBV 1'!$B$3:$C$34,2,FALSE)),IF(ISNA(VLOOKUP(B24,'WBV 1'!$F$3:$G$34,2,FALSE))=TRUE,0,VLOOKUP(B24,'WBV 1'!$F$3:$G$34,2,FALSE)),IF(ISNA(VLOOKUP(B24,'WBV 1'!$J$3:$K$34,2,FALSE))=TRUE,0,VLOOKUP(B24,'WBV 1'!$J$3:$K$34,2,FALSE)),IF(ISNA(VLOOKUP(B24,'WBV 1'!$N$3:$O$34,2,FALSE))=TRUE,0,VLOOKUP(B24,'WBV 1'!$N$3:$O$34,2,FALSE))) -> 0 | I24: =MAX(IF(ISNA(VLOOKUP(B24,'WBV 2'!$B$3:$C$34,2,FALSE))=TRUE,0,VLOOKUP(B24,'WBV 2'!$B$3:$C$34,2,FALSE)),IF(ISNA(VLOOKUP(B24,'WBV 2'!$F$3:$G$34,2,FALSE))=TRUE,0,VLOOKUP(B24,'WBV 2'!$F$3:$G$34,2,FALSE)),IF(ISNA(VLOOKUP(B24,'WBV 2'!$J$3:$K$34,2,FALSE))=TRUE,0,VLOOKUP(B24,'WBV 2'!$J$3:$K$34,2,FALSE)),IF(ISNA(VLOOKUP(B24,'WBV 2'!$N$3:$O$34,2,FALSE))=TRUE,0,VLOOKUP(B24,'WBV 2'!$N$3:$O$34,2,FALSE))) -> 0 | J24: =MAX(IF(ISNA(VLOOKUP(B24,'WBV 3'!$B$3:$C$34,2,FALSE))=TRUE,0,VLOOKUP(B24,'WBV 3'!$B$3:$C$34,2,FALSE)),IF(ISNA(VLOOKUP(B24,'WBV 3'!$F$3:$G$34,2,FALSE))=TRUE,0,VLOOKUP(B24,'WBV 3'!$F$3:$G$34,2,FALSE)),IF(ISNA(VLOOKUP(B24,'WBV 3'!$J$3:$K$34,2,FALSE))=TRUE,0,VLOOKUP(B24,'WBV 3'!$J$3:$K$34,2,FALSE)),IF(ISNA(VLOOKUP(B24,'WBV 3'!$N$3:$O$34,2,FALSE))=TRUE,0,VLOOKUP(B24,'WBV 3'!$N$3:$O$34,2,FALSE))) -> 0 | K24: =MAX(IF(ISNA(VLOOKUP(B24,'WBV 4'!$B$3:$C$34,2,FALSE))=TRUE,0,VLOOKUP(B24,'WBV 4'!$B$3:$C$34,2,FALSE)),IF(ISNA(VLOOKUP(B24,'WBV 4'!$F$3:$G$34,2,FALSE))=TRUE,0,VLOOKUP(B24,'WBV 4'!$F$3:$G$34,2,FALSE)),IF(ISNA(VLOOKUP(B24,'WBV 4'!$J$3:$K$34,2,FALSE))=TRUE,0,VLOOKUP(B24,'WBV 4'!$J$3:$K$34,2,FALSE)),IF(ISNA(VLOOKUP(B24,'WBV 4'!$N$3:$O$34,2,FALSE))=TRUE,0,VLOOKUP(B24,'WBV 4'!$N$3:$O$34,2,FALSE))) -> 0 | L24: =MAX(IF(ISNA(VLOOKUP(B24,'NÖBV 1'!$B$3:$C$34,2,FALSE))=TRUE,0,VLOOKUP(B24,'NÖBV 1'!$B$3:$C$34,2,FALSE)),IF(ISNA(VLOOKUP(B24,'NÖBV 1'!$F$3:$G$34,2,FALSE))=TRUE,0,VLOOKUP(B24,'NÖBV 1'!$F$3:$G$34,2,FALSE)),IF(ISNA(VLOOKUP(B24,'NÖBV 1'!$J$3:$K$34,2,FALSE))=TRUE,0,VLOOKUP(B24,'NÖBV 1'!$J$3:$K$34,2,FALSE)),IF(ISNA(VLOOKUP(B24,'NÖBV 1'!$N$3:$O$34,2,FALSE))=TRUE,0,VLOOKUP(B24,'NÖBV 1'!$N$3:$O$34,2,FALSE))) -> 162 | M24: =MAX(IF(ISNA(VLOOKUP(B24,'NÖBV 2'!$B$3:$C$34,2,FALSE))=TRUE,0,VLOOKUP(B24,'NÖBV 2'!$B$3:$C$34,2,FALSE)),IF(ISNA(VLOOKUP(B24,'NÖBV 2'!$F$3:$G$34,2,FALSE))=TRUE,0,VLOOKUP(B24,'NÖBV 2'!$F$3:$G$34,2,FALSE)),IF(ISNA(VLOOKUP(B24,'NÖBV 2'!$J$3:$K$34,2,FALSE))=TRUE,0,VLOOKUP(B24,'NÖBV 2'!$J$3:$K$34,2,FALSE)),IF(ISNA(VLOOKUP(B24,'NÖBV 2'!$N$3:$O$34,2,FALSE))=TRUE,0,VLOOKUP(B24,'NÖBV 2'!$N$3:$O$34,2,FALSE))) -> 163 | N24: =MAX(IF(ISNA(VLOOKUP(B24,'NÖBV 3'!$B$3:$C$34,2,FALSE))=TRUE,0,VLOOKUP(B24,'NÖBV 3'!$B$3:$C$34,2,FALSE)),IF(ISNA(VLOOKUP(B24,'NÖBV 3'!$F$3:$G$34,2,FALSE))=TRUE,0,VLOOKUP(B24,'NÖBV 3'!$F$3:$G$34,2,FALSE)),IF(ISNA(VLOOKUP(B24,'NÖBV 3'!$J$3:$K$34,2,FALSE))=TRUE,0,VLOOKUP(B24,'NÖBV 3'!$J$3:$K$34,2,FALSE)),IF(ISNA(VLOOKUP(B24,'NÖBV 3'!$N$3:$O$34,2,FALSE))=TRUE,0,VLOOKUP(B24,'NÖBV 3'!$N$3:$O$34,2,FALSE))) -> 185 | O24: =MAX(IF(ISNA(VLOOKUP(B24,'Regioturnier 1'!$B$3:$C$34,2,FALSE))=TRUE,0,VLOOKUP(B24,'Regioturnier 1'!$B$3:$C$34,2,FALSE)),IF(ISNA(VLOOKUP(B24,'Regioturnier 1'!$F$3:$G$34,2,FALSE))=TRUE,0,VLOOKUP(B24,'Regioturnier 1'!$F$3:$G$34,2,FALSE)),IF(ISNA(VLOOKUP(B24,'Regioturnier 1'!$J$3:$K$34,2,FALSE))=TRUE,0,VLOOKUP(B24,'Regioturnier 1'!$J$3:$K$34,2,FALSE)),IF(ISNA(VLOOKUP(B24,'Regioturnier 1'!$N$3:$O$34,2,FALSE))=TRUE,0,VLOOKUP(B24,'Regioturnier 1'!$N$3:$O$34,2,FALSE)),IF(ISNA(VLOOKUP(B24,'Regioturnier 1'!$R$3:$S$34,2,FALSE))=TRUE,0,VLOOKUP(B24,'Regioturnier 1'!$R$3:$S$34,2,FALSE)), IF(ISNA(VLOOKUP(B24,'Regioturnier 1'!$V$3:$W$34,2,FALSE))=TRUE,0,VLOOKUP(B24,'Regioturnier 1'!$V$3:$W$34,2,FALSE)), IF(ISNA(VLOOKUP(B24,'Regioturnier 1'!$Z$3:$AA$34,2,FALSE))=TRUE,0,VLOOKUP(B24,'Regioturnier 1'!$Z$3:$AA$34,2,FALSE))) -> 0 | P24: =MAX(IF(ISNA(VLOOKUP(B24,'Regioturnier 2'!$B$3:$C$34,2,FALSE))=TRUE,0,VLOOKUP(B24,'Regioturnier 2'!$B$3:$C$34,2,FALSE)),IF(ISNA(VLOOKUP(B24,'Regioturnier 2'!$F$3:$G$34,2,FALSE))=TRUE,0,VLOOKUP(B24,'Regioturnier 2'!$F$3:$G$34,2,FALSE)),IF(ISNA(VLOOKUP(B24,'Regioturnier 2'!$J$3:$K$34,2,FALSE))=TRUE,0,VLOOKUP(B24,'Regioturnier 2'!$J$3:$K$34,2,FALSE)),IF(ISNA(VLOOKUP(B24,'Regioturnier 2'!$N$3:$O$34,2,FALSE))=TRUE,0,VLOOKUP(B24,'Regioturnier 2'!$N$3:$O$34,2,FALSE)),IF(ISNA(VLOOKUP(B24,'Regioturnier 2'!$R$3:$S$34,2,FALSE))=TRUE,0,VLOOKUP(B24,'Regioturnier 2'!$R$3:$S$34,2,FALSE)), IF(ISNA(VLOOKUP(B24,'Regioturnier 2'!$V$3:$W$34,2,FALSE))=TRUE,0,VLOOKUP(B24,'Regioturnier 2'!$V$3:$W$34,2,FALSE)), IF(ISNA(VLOOKUP(B24,'Regioturnier 2'!$Z$3:$AA$34,2,FALSE))=TRUE,0,VLOOKUP(B24,'Regioturnier 2'!$Z$3:$AA$34,2,FALSE))) -> 191 | Q24: =MAX(IF(ISNA(VLOOKUP(B24,'Regioturnier 3'!$B$3:$C$34,2,FALSE))=TRUE,0,VLOOKUP(B24,'Regioturnier 3'!$B$3:$C$34,2,FALSE)),IF(ISNA(VLOOKUP(B24,'Regioturnier 3'!$F$3:$G$34,2,FALSE))=TRUE,0,VLOOKUP(B24,'Regioturnier 3'!$F$3:$G$34,2,FALSE)),IF(ISNA(VLOOKUP(B24,'Regioturnier 3'!$J$3:$K$34,2,FALSE))=TRUE,0,VLOOKUP(B24,'Regioturnier 3'!$J$3:$K$34,2,FALSE)),IF(ISNA(VLOOKUP(B24,'Regioturnier 3'!$N$3:$O$34,2,FALSE))=TRUE,0,VLOOKUP(B24,'Regioturnier 3'!$N$3:$O$34,2,FALSE)),IF(ISNA(VLOOKUP(B24,'Regioturnier 3'!$R$3:$S$34,2,FALSE))=TRUE,0,VLOOKUP(B24,'Regioturnier 3'!$R$3:$S$34,2,FALSE)), IF(ISNA(VLOOKUP(B24,'Regioturnier 3'!$V$3:$W$34,2,FALSE))=TRUE,0,VLOOKUP(B24,'Regioturnier 3'!$V$3:$W$34,2,FALSE)), IF(ISNA(VLOOKUP(B24,'Regioturnier 3'!$Z$3:$AA$34,2,FALSE))=TRUE,0,VLOOKUP(B24,'Regioturnier 3'!$Z$3:$AA$34,2,FALSE))) -> 0 | R24: =0.5*INDEX($H24:$N24,MATCH(LARGE($H24:$N24,1),$H24:$N24,0))+0.3*INDEX($H24:$N24,MATCH(LARGE($H24:$N24,2),$H24:$N24,0))+0.2*INDEX($H24:$N24,MATCH(LARGE($H24:$N24,3),$H24:$N24,0)) -> 173.8 | S24: =0.6*INDEX(O24:Q24,MATCH(LARGE(O24:Q24,1),O24:Q24,0))+0.4*INDEX(O24:Q24,MATCH(LARGE(O24:Q24,2),O24:Q24,0))+0*INDEX(O24:Q24,MATCH(LARGE(O24:Q24,3),O24:Q24,0)) -> 114.6 | T24: =1*INDEX(R24:S24,MATCH(LARGE(R24:S24,1),R24:S24,0))+0*INDEX(R24:S24,MATCH(LARGE(R24:S24,2),R24:S24,0)) -> 173.8
A25: 24 | B25: Christoph Fessl | C25: BC Wienerberg | D25: WBV | E25: M | F25: 109867 | G25: 2012 | H25: =MAX(IF(ISNA(VLOOKUP(B25,'WBV 1'!$B$3:$C$34,2,FALSE))=TRUE,0,VLOOKUP(B25,'WBV 1'!$B$3:$C$34,2,FALSE)),IF(ISNA(VLOOKUP(B25,'WBV 1'!$F$3:$G$34,2,FALSE))=TRUE,0,VLOOKUP(B25,'WBV 1'!$F$3:$G$34,2,FALSE)),IF(ISNA(VLOOKUP(B25,'WBV 1'!$J$3:$K$34,2,FALSE))=TRUE,0,VLOOKUP(B25,'WBV 1'!$J$3:$K$34,2,FALSE)),IF(ISNA(VLOOKUP(B25,'WBV 1'!$N$3:$O$34,2,FALSE))=TRUE,0,VLOOKUP(B25,'WBV 1'!$N$3:$O$34,2,FALSE))) -> 176 | I25: =MAX(IF(ISNA(VLOOKUP(B25,'WBV 2'!$B$3:$C$34,2,FALSE))=TRUE,0,VLOOKUP(B25,'WBV 2'!$B$3:$C$34,2,FALSE)),IF(ISNA(VLOOKUP(B25,'WBV 2'!$F$3:$G$34,2,FALSE))=TRUE,0,VLOOKUP(B25,'WBV 2'!$F$3:$G$34,2,FALSE)),IF(ISNA(VLOOKUP(B25,'WBV 2'!$J$3:$K$34,2,FALSE))=TRUE,0,VLOOKUP(B25,'WBV 2'!$J$3:$K$34,2,FALSE)),IF(ISNA(VLOOKUP(B25,'WBV 2'!$N$3:$O$34,2,FALSE))=TRUE,0,VLOOKUP(B25,'WBV 2'!$N$3:$O$34,2,FALSE))) -> 170 | J25: =MAX(IF(ISNA(VLOOKUP(B25,'WBV 3'!$B$3:$C$34,2,FALSE))=TRUE,0,VLOOKUP(B25,'WBV 3'!$B$3:$C$34,2,FALSE)),IF(ISNA(VLOOKUP(B25,'WBV 3'!$F$3:$G$34,2,FALSE))=TRUE,0,VLOOKUP(B25,'WBV 3'!$F$3:$G$34,2,FALSE)),IF(ISNA(VLOOKUP(B25,'WBV 3'!$J$3:$K$34,2,FALSE))=TRUE,0,VLOOKUP(B25,'WBV 3'!$J$3:$K$34,2,FALSE)),IF(ISNA(VLOOKUP(B25,'WBV 3'!$N$3:$O$34,2,FALSE))=TRUE,0,VLOOKUP(B25,'WBV 3'!$N$3:$O$34,2,FALSE))) -> 169 | K25: =MAX(IF(ISNA(VLOOKUP(B25,'WBV 4'!$B$3:$C$34,2,FALSE))=TRUE,0,VLOOKUP(B25,'WBV 4'!$B$3:$C$34,2,FALSE)),IF(ISNA(VLOOKUP(B25,'WBV 4'!$F$3:$G$34,2,FALSE))=TRUE,0,VLOOKUP(B25,'WBV 4'!$F$3:$G$34,2,FALSE)),IF(ISNA(VLOOKUP(B25,'WBV 4'!$J$3:$K$34,2,FALSE))=TRUE,0,VLOOKUP(B25,'WBV 4'!$J$3:$K$34,2,FALSE)),IF(ISNA(VLOOKUP(B25,'WBV 4'!$N$3:$O$34,2,FALSE))=TRUE,0,VLOOKUP(B25,'WBV 4'!$N$3:$O$34,2,FALSE))) -> 0 | L25: =MAX(IF(ISNA(VLOOKUP(B25,'NÖBV 1'!$B$3:$C$34,2,FALSE))=TRUE,0,VLOOKUP(B25,'NÖBV 1'!$B$3:$C$34,2,FALSE)),IF(ISNA(VLOOKUP(B25,'NÖBV 1'!$F$3:$G$34,2,FALSE))=TRUE,0,VLOOKUP(B25,'NÖBV 1'!$F$3:$G$34,2,FALSE)),IF(ISNA(VLOOKUP(B25,'NÖBV 1'!$J$3:$K$34,2,FALSE))=TRUE,0,VLOOKUP(B25,'NÖBV 1'!$J$3:$K$34,2,FALSE)),IF(ISNA(VLOOKUP(B25,'NÖBV 1'!$N$3:$O$34,2,FALSE))=TRUE,0,VLOOKUP(B25,'NÖBV 1'!$N$3:$O$34,2,FALSE))) -> 0 | M25: =MAX(IF(ISNA(VLOOKUP(B25,'NÖBV 2'!$B$3:$C$34,2,FALSE))=TRUE,0,VLOOKUP(B25,'NÖBV 2'!$B$3:$C$34,2,FALSE)),IF(ISNA(VLOOKUP(B25,'NÖBV 2'!$F$3:$G$34,2,FALSE))=TRUE,0,VLOOKUP(B25,'NÖBV 2'!$F$3:$G$34,2,FALSE)),IF(ISNA(VLOOKUP(B25,'NÖBV 2'!$J$3:$K$34,2,FALSE))=TRUE,0,VLOOKUP(B25,'NÖBV 2'!$J$3:$K$34,2,FALSE)),IF(ISNA(VLOOKUP(B25,'NÖBV 2'!$N$3:$O$34,2,FALSE))=TRUE,0,VLOOKUP(B25,'NÖBV 2'!$N$3:$O$34,2,FALSE))) -> 0 | N25: =MAX(IF(ISNA(VLOOKUP(B25,'NÖBV 3'!$B$3:$C$34,2,FALSE))=TRUE,0,VLOOKUP(B25,'NÖBV 3'!$B$3:$C$34,2,FALSE)),IF(ISNA(VLOOKUP(B25,'NÖBV 3'!$F$3:$G$34,2,FALSE))=TRUE,0,VLOOKUP(B25,'NÖBV 3'!$F$3:$G$34,2,FALSE)),IF(ISNA(VLOOKUP(B25,'NÖBV 3'!$J$3:$K$34,2,FALSE))=TRUE,0,VLOOKUP(B25,'NÖBV 3'!$J$3:$K$34,2,FALSE)),IF(ISNA(VLOOKUP(B25,'NÖBV 3'!$N$3:$O$34,2,FALSE))=TRUE,0,VLOOKUP(B25,'NÖBV 3'!$N$3:$O$34,2,FALSE))) -> 0 | O25: =MAX(IF(ISNA(VLOOKUP(B25,'Regioturnier 1'!$B$3:$C$34,2,FALSE))=TRUE,0,VLOOKUP(B25,'Regioturnier 1'!$B$3:$C$34,2,FALSE)),IF(ISNA(VLOOKUP(B25,'Regioturnier 1'!$F$3:$G$34,2,FALSE))=TRUE,0,VLOOKUP(B25,'Regioturnier 1'!$F$3:$G$34,2,FALSE)),IF(ISNA(VLOOKUP(B25,'Regioturnier 1'!$J$3:$K$34,2,FALSE))=TRUE,0,VLOOKUP(B25,'Regioturnier 1'!$J$3:$K$34,2,FALSE)),IF(ISNA(VLOOKUP(B25,'Regioturnier 1'!$N$3:$O$34,2,FALSE))=TRUE,0,VLOOKUP(B25,'Regioturnier 1'!$N$3:$O$34,2,FALSE)),IF(ISNA(VLOOKUP(B25,'Regioturnier 1'!$R$3:$S$34,2,FALSE))=TRUE,0,VLOOKUP(B25,'Regioturnier 1'!$R$3:$S$34,2,FALSE)), IF(ISNA(VLOOKUP(B25,'Regioturnier 1'!$V$3:$W$34,2,FALSE))=TRUE,0,VLOOKUP(B25,'Regioturnier 1'!$V$3:$W$34,2,FALSE)), IF(ISNA(VLOOKUP(B25,'Regioturnier 1'!$Z$3:$AA$34,2,FALSE))=TRUE,0,VLOOKUP(B25,'Regioturnier 1'!$Z$3:$AA$34,2,FALSE))) -> 0 | P25: =MAX(IF(ISNA(VLOOKUP(B25,'Regioturnier 2'!$B$3:$C$34,2,FALSE))=TRUE,0,VLOOKUP(B25,'Regioturnier 2'!$B$3:$C$34,2,FALSE)),IF(ISNA(VLOOKUP(B25,'Regioturnier 2'!$F$3:$G$34,2,FALSE))=TRUE,0,VLOOKUP(B25,'Regioturnier 2'!$F$3:$G$34,2,FALSE)),IF(ISNA(VLOOKUP(B25,'Regioturnier 2'!$J$3:$K$34,2,FALSE))=TRUE,0,VLOOKUP(B25,'Regioturnier 2'!$J$3:$K$34,2,FALSE)),IF(ISNA(VLOOKUP(B25,'Regioturnier 2'!$N$3:$O$34,2,FALSE))=TRUE,0,VLOOKUP(B25,'Regioturnier 2'!$N$3:$O$34,2,FALSE)),IF(ISNA(VLOOKUP(B25,'Regioturnier 2'!$R$3:$S$34,2,FALSE))=TRUE,0,VLOOKUP(B25,'Regioturnier 2'!$R$3:$S$34,2,FALSE)), IF(ISNA(VLOOKUP(B25,'Regioturnier 2'!$V$3:$W$34,2,FALSE))=TRUE,0,VLOOKUP(B25,'Regioturnier 2'!$V$3:$W$34,2,FALSE)), IF(ISNA(VLOOKUP(B25,'Regioturnier 2'!$Z$3:$AA$34,2,FALSE))=TRUE,0,VLOOKUP(B25,'Regioturnier 2'!$Z$3:$AA$34,2,FALSE))) -> 0 | Q25: =MAX(IF(ISNA(VLOOKUP(B25,'Regioturnier 3'!$B$3:$C$34,2,FALSE))=TRUE,0,VLOOKUP(B25,'Regioturnier 3'!$B$3:$C$34,2,FALSE)),IF(ISNA(VLOOKUP(B25,'Regioturnier 3'!$F$3:$G$34,2,FALSE))=TRUE,0,VLOOKUP(B25,'Regioturnier 3'!$F$3:$G$34,2,FALSE)),IF(ISNA(VLOOKUP(B25,'Regioturnier 3'!$J$3:$K$34,2,FALSE))=TRUE,0,VLOOKUP(B25,'Regioturnier 3'!$J$3:$K$34,2,FALSE)),IF(ISNA(VLOOKUP(B25,'Regioturnier 3'!$N$3:$O$34,2,FALSE))=TRUE,0,VLOOKUP(B25,'Regioturnier 3'!$N$3:$O$34,2,FALSE)),IF(ISNA(VLOOKUP(B25,'Regioturnier 3'!$R$3:$S$34,2,FALSE))=TRUE,0,VLOOKUP(B25,'Regioturnier 3'!$R$3:$S$34,2,FALSE)), IF(ISNA(VLOOKUP(B25,'Regioturnier 3'!$V$3:$W$34,2,FALSE))=TRUE,0,VLOOKUP(B25,'Regioturnier 3'!$V$3:$W$34,2,FALSE)), IF(ISNA(VLOOKUP(B25,'Regioturnier 3'!$Z$3:$AA$34,2,FALSE))=TRUE,0,VLOOKUP(B25,'Regioturnier 3'!$Z$3:$AA$34,2,FALSE))) -> 0 | R25: =0.5*INDEX($H25:$N25,MATCH(LARGE($H25:$N25,1),$H25:$N25,0))+0.3*INDEX($H25:$N25,MATCH(LARGE($H25:$N25,2),$H25:$N25,0))+0.2*INDEX($H25:$N25,MATCH(LARGE($H25:$N25,3),$H25:$N25,0)) -> 172.8 | S25: =0.6*INDEX(O25:Q25,MATCH(LARGE(O25:Q25,1),O25:Q25,0))+0.4*INDEX(O25:Q25,MATCH(LARGE(O25:Q25,2),O25:Q25,0))+0*INDEX(O25:Q25,MATCH(LARGE(O25:Q25,3),O25:Q25,0)) -> 0 | T25: =1*INDEX(R25:S25,MATCH(LARGE(R25:S25,1),R25:S25,0))+0*INDEX(R25:S25,MATCH(LARGE(R25:S25,2),R25:S25,0)) -> 172.8
A26: 25 | B26: Golsamin Harandi | C26: WBH WIEN | D26: WBV | E26: M | F26: 110367 | G26: 2011 | H26: =MAX(IF(ISNA(VLOOKUP(B26,'WBV 1'!$B$3:$C$34,2,FALSE))=TRUE,0,VLOOKUP(B26,'WBV 1'!$B$3:$C$34,2,FALSE)),IF(ISNA(VLOOKUP(B26,'WBV 1'!$F$3:$G$34,2,FALSE))=TRUE,0,VLOOKUP(B26,'WBV 1'!$F$3:$G$34,2,FALSE)),IF(ISNA(VLOOKUP(B26,'WBV 1'!$J$3:$K$34,2,FALSE))=TRUE,0,VLOOKUP(B26,'WBV 1'!$J$3:$K$34,2,FALSE)),IF(ISNA(VLOOKUP(B26,'WBV 1'!$N$3:$O$34,2,FALSE))=TRUE,0,VLOOKUP(B26,'WBV 1'!$N$3:$O$34,2,FALSE))) -> 172 | I26: =MAX(IF(ISNA(VLOOKUP(B26,'WBV 2'!$B$3:$C$34,2,FALSE))=TRUE,0,VLOOKUP(B26,'WBV 2'!$B$3:$C$34,2,FALSE)),IF(ISNA(VLOOKUP(B26,'WBV 2'!$F$3:$G$34,2,FALSE))=TRUE,0,VLOOKUP(B26,'WBV 2'!$F$3:$G$34,2,FALSE)),IF(ISNA(VLOOKUP(B26,'WBV 2'!$J$3:$K$34,2,FALSE))=TRUE,0,VLOOKUP(B26,'WBV 2'!$J$3:$K$34,2,FALSE)),IF(ISNA(VLOOKUP(B26,'WBV 2'!$N$3:$O$34,2,FALSE))=TRUE,0,VLOOKUP(B26,'WBV 2'!$N$3:$O$34,2,FALSE))) -> 166 | J26: =MAX(IF(ISNA(VLOOKUP(B26,'WBV 3'!$B$3:$C$34,2,FALSE))=TRUE,0,VLOOKUP(B26,'WBV 3'!$B$3:$C$34,2,FALSE)),IF(ISNA(VLOOKUP(B26,'WBV 3'!$F$3:$G$34,2,FALSE))=TRUE,0,VLOOKUP(B26,'WBV 3'!$F$3:$G$34,2,FALSE)),IF(ISNA(VLOOKUP(B26,'WBV 3'!$J$3:$K$34,2,FALSE))=TRUE,0,VLOOKUP(B26,'WBV 3'!$J$3:$K$34,2,FALSE)),IF(ISNA(VLOOKUP(B26,'WBV 3'!$N$3:$O$34,2,FALSE))=TRUE,0,VLOOKUP(B26,'WBV 3'!$N$3:$O$34,2,FALSE))) -> 166 | K26: =MAX(IF(ISNA(VLOOKUP(B26,'WBV 4'!$B$3:$C$34,2,FALSE))=TRUE,0,VLOOKUP(B26,'WBV 4'!$B$3:$C$34,2,FALSE)),IF(ISNA(VLOOKUP(B26,'WBV 4'!$F$3:$G$34,2,FALSE))=TRUE,0,VLOOKUP(B26,'WBV 4'!$F$3:$G$34,2,FALSE)),IF(ISNA(VLOOKUP(B26,'WBV 4'!$J$3:$K$34,2,FALSE))=TRUE,0,VLOOKUP(B26,'WBV 4'!$J$3:$K$34,2,FALSE)),IF(ISNA(VLOOKUP(B26,'WBV 4'!$N$3:$O$34,2,FALSE))=TRUE,0,VLOOKUP(B26,'WBV 4'!$N$3:$O$34,2,FALSE))) -> 0 | L26: =MAX(IF(ISNA(VLOOKUP(B26,'NÖBV 1'!$B$3:$C$34,2,FALSE))=TRUE,0,VLOOKUP(B26,'NÖBV 1'!$B$3:$C$34,2,FALSE)),IF(ISNA(VLOOKUP(B26,'NÖBV 1'!$F$3:$G$34,2,FALSE))=TRUE,0,VLOOKUP(B26,'NÖBV 1'!$F$3:$G$34,2,FALSE)),IF(ISNA(VLOOKUP(B26,'NÖBV 1'!$J$3:$K$34,2,FALSE))=TRUE,0,VLOOKUP(B26,'NÖBV 1'!$J$3:$K$34,2,FALSE)),IF(ISNA(VLOOKUP(B26,'NÖBV 1'!$N$3:$O$34,2,FALSE))=TRUE,0,VLOOKUP(B26,'NÖBV 1'!$N$3:$O$34,2,FALSE))) -> 0 | M26: =MAX(IF(ISNA(VLOOKUP(B26,'NÖBV 2'!$B$3:$C$34,2,FALSE))=TRUE,0,VLOOKUP(B26,'NÖBV 2'!$B$3:$C$34,2,FALSE)),IF(ISNA(VLOOKUP(B26,'NÖBV 2'!$F$3:$G$34,2,FALSE))=TRUE,0,VLOOKUP(B26,'NÖBV 2'!$F$3:$G$34,2,FALSE)),IF(ISNA(VLOOKUP(B26,'NÖBV 2'!$J$3:$K$34,2,FALSE))=TRUE,0,VLOOKUP(B26,'NÖBV 2'!$J$3:$K$34,2,FALSE)),IF(ISNA(VLOOKUP(B26,'NÖBV 2'!$N$3:$O$34,2,FALSE))=TRUE,0,VLOOKUP(B26,'NÖBV 2'!$N$3:$O$34,2,FALSE))) -> 0 | N26: =MAX(IF(ISNA(VLOOKUP(B26,'NÖBV 3'!$B$3:$C$34,2,FALSE))=TRUE,0,VLOOKUP(B26,'NÖBV 3'!$B$3:$C$34,2,FALSE)),IF(ISNA(VLOOKUP(B26,'NÖBV 3'!$F$3:$G$34,2,FALSE))=TRUE,0,VLOOKUP(B26,'NÖBV 3'!$F$3:$G$34,2,FALSE)),IF(ISNA(VLOOKUP(B26,'NÖBV 3'!$J$3:$K$34,2,FALSE))=TRUE,0,VLOOKUP(B26,'NÖBV 3'!$J$3:$K$34,2,FALSE)),IF(ISNA(VLOOKUP(B26,'NÖBV 3'!$N$3:$O$34,2,FALSE))=TRUE,0,VLOOKUP(B26,'NÖBV 3'!$N$3:$O$34,2,FALSE))) -> 0 | O26: =MAX(IF(ISNA(VLOOKUP(B26,'Regioturnier 1'!$B$3:$C$34,2,FALSE))=TRUE,0,VLOOKUP(B26,'Regioturnier 1'!$B$3:$C$34,2,FALSE)),IF(ISNA(VLOOKUP(B26,'Regioturnier 1'!$F$3:$G$34,2,FALSE))=TRUE,0,VLOOKUP(B26,'Regioturnier 1'!$F$3:$G$34,2,FALSE)),IF(ISNA(VLOOKUP(B26,'Regioturnier 1'!$J$3:$K$34,2,FALSE))=TRUE,0,VLOOKUP(B26,'Regioturnier 1'!$J$3:$K$34,2,FALSE)),IF(ISNA(VLOOKUP(B26,'Regioturnier 1'!$N$3:$O$34,2,FALSE))=TRUE,0,VLOOKUP(B26,'Regioturnier 1'!$N$3:$O$34,2,FALSE)),IF(ISNA(VLOOKUP(B26,'Regioturnier 1'!$R$3:$S$34,2,FALSE))=TRUE,0,VLOOKUP(B26,'Regioturnier 1'!$R$3:$S$34,2,FALSE)), IF(ISNA(VLOOKUP(B26,'Regioturnier 1'!$V$3:$W$34,2,FALSE))=TRUE,0,VLOOKUP(B26,'Regioturnier 1'!$V$3:$W$34,2,FALSE)), IF(ISNA(VLOOKUP(B26,'Regioturnier 1'!$Z$3:$AA$34,2,FALSE))=TRUE,0,VLOOKUP(B26,'Regioturnier 1'!$Z$3:$AA$34,2,FALSE))) -> 0 | P26: =MAX(IF(ISNA(VLOOKUP(B26,'Regioturnier 2'!$B$3:$C$34,2,FALSE))=TRUE,0,VLOOKUP(B26,'Regioturnier 2'!$B$3:$C$34,2,FALSE)),IF(ISNA(VLOOKUP(B26,'Regioturnier 2'!$F$3:$G$34,2,FALSE))=TRUE,0,VLOOKUP(B26,'Regioturnier 2'!$F$3:$G$34,2,FALSE)),IF(ISNA(VLOOKUP(B26,'Regioturnier 2'!$J$3:$K$34,2,FALSE))=TRUE,0,VLOOKUP(B26,'Regioturnier 2'!$J$3:$K$34,2,FALSE)),IF(ISNA(VLOOKUP(B26,'Regioturnier 2'!$N$3:$O$34,2,FALSE))=TRUE,0,VLOOKUP(B26,'Regioturnier 2'!$N$3:$O$34,2,FALSE)),IF(ISNA(VLOOKUP(B26,'Regioturnier 2'!$R$3:$S$34,2,FALSE))=TRUE,0,VLOOKUP(B26,'Regioturnier 2'!$R$3:$S$34,2,FALSE)), IF(ISNA(VLOOKUP(B26,'Regioturnier 2'!$V$3:$W$34,2,FALSE))=TRUE,0,VLOOKUP(B26,'Regioturnier 2'!$V$3:$W$34,2,FALSE)), IF(ISNA(VLOOKUP(B26,'Regioturnier 2'!$Z$3:$AA$34,2,FALSE))=TRUE,0,VLOOKUP(B26,'Regioturnier 2'!$Z$3:$AA$34,2,FALSE))) -> 0 | Q26: =MAX(IF(ISNA(VLOOKUP(B26,'Regioturnier 3'!$B$3:$C$34,2,FALSE))=TRUE,0,VLOOKUP(B26,'Regioturnier 3'!$B$3:$C$34,2,FALSE)),IF(ISNA(VLOOKUP(B26,'Regioturnier 3'!$F$3:$G$34,2,FALSE))=TRUE,0,VLOOKUP(B26,'Regioturnier 3'!$F$3:$G$34,2,FALSE)),IF(ISNA(VLOOKUP(B26,'Regioturnier 3'!$J$3:$K$34,2,FALSE))=TRUE,0,VLOOKUP(B26,'Regioturnier 3'!$J$3:$K$34,2,FALSE)),IF(ISNA(VLOOKUP(B26,'Regioturnier 3'!$N$3:$O$34,2,FALSE))=TRUE,0,VLOOKUP(B26,'Regioturnier 3'!$N$3:$O$34,2,FALSE)),IF(ISNA(VLOOKUP(B26,'Regioturnier 3'!$R$3:$S$34,2,FALSE))=TRUE,0,VLOOKUP(B26,'Regioturnier 3'!$R$3:$S$34,2,FALSE)), IF(ISNA(VLOOKUP(B26,'Regioturnier 3'!$V$3:$W$34,2,FALSE))=TRUE,0,VLOOKUP(B26,'Regioturnier 3'!$V$3:$W$34,2,FALSE)), IF(ISNA(VLOOKUP(B26,'Regioturnier 3'!$Z$3:$AA$34,2,FALSE))=TRUE,0,VLOOKUP(B26,'Regioturnier 3'!$Z$3:$AA$34,2,FALSE))) -> 0 | R26: =0.5*INDEX($H26:$N26,MATCH(LARGE($H26:$N26,1),$H26:$N26,0))+0.3*INDEX($H26:$N26,MATCH(LARGE($H26:$N26,2),$H26:$N26,0))+0.2*INDEX($H26:$N26,MATCH(LARGE($H26:$N26,3),$H26:$N26,0)) -> 169 | S26: =0.6*INDEX(O26:Q26,MATCH(LARGE(O26:Q26,1),O26:Q26,0))+0.4*INDEX(O26:Q26,MATCH(LARGE(O26:Q26,2),O26:Q26,0))+0*INDEX(O26:Q26,MATCH(LARGE(O26:Q26,3),O26:Q26,0)) -> 0 | T26: =1*INDEX(R26:S26,MATCH(LARGE(R26:S26,1),R26:S26,0))+0*INDEX(R26:S26,MATCH(LARGE(R26:S26,2),R26:S26,0)) -> 169
A27: 26 | B27: Dario Kasser | C27: BC St. Pölten | D27: NÖBV | E27: M | F27: 208475 | G27: 2014 | H27: =MAX(IF(ISNA(VLOOKUP(B27,'WBV 1'!$B$3:$C$34,2,FALSE))=TRUE,0,VLOOKUP(B27,'WBV 1'!$B$3:$C$34,2,FALSE)),IF(ISNA(VLOOKUP(B27,'WBV 1'!$F$3:$G$34,2,FALSE))=TRUE,0,VLOOKUP(B27,'WBV 1'!$F$3:$G$34,2,FALSE)),IF(ISNA(VLOOKUP(B27,'WBV 1'!$J$3:$K$34,2,FALSE))=TRUE,0,VLOOKUP(B27,'WBV 1'!$J$3:$K$34,2,FALSE)),IF(ISNA(VLOOKUP(B27,'WBV 1'!$N$3:$O$34,2,FALSE))=TRUE,0,VLOOKUP(B27,'WBV 1'!$N$3:$O$34,2,FALSE))) -> 0 | I27: =MAX(IF(ISNA(VLOOKUP(B27,'WBV 2'!$B$3:$C$34,2,FALSE))=TRUE,0,VLOOKUP(B27,'WBV 2'!$B$3:$C$34,2,FALSE)),IF(ISNA(VLOOKUP(B27,'WBV 2'!$F$3:$G$34,2,FALSE))=TRUE,0,VLOOKUP(B27,'WBV 2'!$F$3:$G$34,2,FALSE)),IF(ISNA(VLOOKUP(B27,'WBV 2'!$J$3:$K$34,2,FALSE))=TRUE,0,VLOOKUP(B27,'WBV 2'!$J$3:$K$34,2,FALSE)),IF(ISNA(VLOOKUP(B27,'WBV 2'!$N$3:$O$34,2,FALSE))=TRUE,0,VLOOKUP(B27,'WBV 2'!$N$3:$O$34,2,FALSE))) -> 0 | J27: =MAX(IF(ISNA(VLOOKUP(B27,'WBV 3'!$B$3:$C$34,2,FALSE))=TRUE,0,VLOOKUP(B27,'WBV 3'!$B$3:$C$34,2,FALSE)),IF(ISNA(VLOOKUP(B27,'WBV 3'!$F$3:$G$34,2,FALSE))=TRUE,0,VLOOKUP(B27,'WBV 3'!$F$3:$G$34,2,FALSE)),IF(ISNA(VLOOKUP(B27,'WBV 3'!$J$3:$K$34,2,FALSE))=TRUE,0,VLOOKUP(B27,'WBV 3'!$J$3:$K$34,2,FALSE)),IF(ISNA(VLOOKUP(B27,'WBV 3'!$N$3:$O$34,2,FALSE))=TRUE,0,VLOOKUP(B27,'WBV 3'!$N$3:$O$34,2,FALSE))) -> 0 | K27: =MAX(IF(ISNA(VLOOKUP(B27,'WBV 4'!$B$3:$C$34,2,FALSE))=TRUE,0,VLOOKUP(B27,'WBV 4'!$B$3:$C$34,2,FALSE)),IF(ISNA(VLOOKUP(B27,'WBV 4'!$F$3:$G$34,2,FALSE))=TRUE,0,VLOOKUP(B27,'WBV 4'!$F$3:$G$34,2,FALSE)),IF(ISNA(VLOOKUP(B27,'WBV 4'!$J$3:$K$34,2,FALSE))=TRUE,0,VLOOKUP(B27,'WBV 4'!$J$3:$K$34,2,FALSE)),IF(ISNA(VLOOKUP(B27,'WBV 4'!$N$3:$O$34,2,FALSE))=TRUE,0,VLOOKUP(B27,'WBV 4'!$N$3:$O$34,2,FALSE))) -> 0 | L27: =MAX(IF(ISNA(VLOOKUP(B27,'NÖBV 1'!$B$3:$C$34,2,FALSE))=TRUE,0,VLOOKUP(B27,'NÖBV 1'!$B$3:$C$34,2,FALSE)),IF(ISNA(VLOOKUP(B27,'NÖBV 1'!$F$3:$G$34,2,FALSE))=TRUE,0,VLOOKUP(B27,'NÖBV 1'!$F$3:$G$34,2,FALSE)),IF(ISNA(VLOOKUP(B27,'NÖBV 1'!$J$3:$K$34,2,FALSE))=TRUE,0,VLOOKUP(B27,'NÖBV 1'!$J$3:$K$34,2,FALSE)),IF(ISNA(VLOOKUP(B27,'NÖBV 1'!$N$3:$O$34,2,FALSE))=TRUE,0,VLOOKUP(B27,'NÖBV 1'!$N$3:$O$34,2,FALSE))) -> 164 | M27: =MAX(IF(ISNA(VLOOKUP(B27,'NÖBV 2'!$B$3:$C$34,2,FALSE))=TRUE,0,VLOOKUP(B27,'NÖBV 2'!$B$3:$C$34,2,FALSE)),IF(ISNA(VLOOKUP(B27,'NÖBV 2'!$F$3:$G$34,2,FALSE))=TRUE,0,VLOOKUP(B27,'NÖBV 2'!$F$3:$G$34,2,FALSE)),IF(ISNA(VLOOKUP(B27,'NÖBV 2'!$J$3:$K$34,2,FALSE))=TRUE,0,VLOOKUP(B27,'NÖBV 2'!$J$3:$K$34,2,FALSE)),IF(ISNA(VLOOKUP(B27,'NÖBV 2'!$N$3:$O$34,2,FALSE))=TRUE,0,VLOOKUP(B27,'NÖBV 2'!$N$3:$O$34,2,FALSE))) -> 154 | N27: =MAX(IF(ISNA(VLOOKUP(B27,'NÖBV 3'!$B$3:$C$34,2,FALSE))=TRUE,0,VLOOKUP(B27,'NÖBV 3'!$B$3:$C$34,2,FALSE)),IF(ISNA(VLOOKUP(B27,'NÖBV 3'!$F$3:$G$34,2,FALSE))=TRUE,0,VLOOKUP(B27,'NÖBV 3'!$F$3:$G$34,2,FALSE)),IF(ISNA(VLOOKUP(B27,'NÖBV 3'!$J$3:$K$34,2,FALSE))=TRUE,0,VLOOKUP(B27,'NÖBV 3'!$J$3:$K$34,2,FALSE)),IF(ISNA(VLOOKUP(B27,'NÖBV 3'!$N$3:$O$34,2,FALSE))=TRUE,0,VLOOKUP(B27,'NÖBV 3'!$N$3:$O$34,2,FALSE))) -> 168 | O27: =MAX(IF(ISNA(VLOOKUP(B27,'Regioturnier 1'!$B$3:$C$34,2,FALSE))=TRUE,0,VLOOKUP(B27,'Regioturnier 1'!$B$3:$C$34,2,FALSE)),IF(ISNA(VLOOKUP(B27,'Regioturnier 1'!$F$3:$G$34,2,FALSE))=TRUE,0,VLOOKUP(B27,'Regioturnier 1'!$F$3:$G$34,2,FALSE)),IF(ISNA(VLOOKUP(B27,'Regioturnier 1'!$J$3:$K$34,2,FALSE))=TRUE,0,VLOOKUP(B27,'Regioturnier 1'!$J$3:$K$34,2,FALSE)),IF(ISNA(VLOOKUP(B27,'Regioturnier 1'!$N$3:$O$34,2,FALSE))=TRUE,0,VLOOKUP(B27,'Regioturnier 1'!$N$3:$O$34,2,FALSE)),IF(ISNA(VLOOKUP(B27,'Regioturnier 1'!$R$3:$S$34,2,FALSE))=TRUE,0,VLOOKUP(B27,'Regioturnier 1'!$R$3:$S$34,2,FALSE)), IF(ISNA(VLOOKUP(B27,'Regioturnier 1'!$V$3:$W$34,2,FALSE))=TRUE,0,VLOOKUP(B27,'Regioturnier 1'!$V$3:$W$34,2,FALSE)), IF(ISNA(VLOOKUP(B27,'Regioturnier 1'!$Z$3:$AA$34,2,FALSE))=TRUE,0,VLOOKUP(B27,'Regioturnier 1'!$Z$3:$AA$34,2,FALSE))) -> 179 | P27: =MAX(IF(ISNA(VLOOKUP(B27,'Regioturnier 2'!$B$3:$C$34,2,FALSE))=TRUE,0,VLOOKUP(B27,'Regioturnier 2'!$B$3:$C$34,2,FALSE)),IF(ISNA(VLOOKUP(B27,'Regioturnier 2'!$F$3:$G$34,2,FALSE))=TRUE,0,VLOOKUP(B27,'Regioturnier 2'!$F$3:$G$34,2,FALSE)),IF(ISNA(VLOOKUP(B27,'Regioturnier 2'!$J$3:$K$34,2,FALSE))=TRUE,0,VLOOKUP(B27,'Regioturnier 2'!$J$3:$K$34,2,FALSE)),IF(ISNA(VLOOKUP(B27,'Regioturnier 2'!$N$3:$O$34,2,FALSE))=TRUE,0,VLOOKUP(B27,'Regioturnier 2'!$N$3:$O$34,2,FALSE)),IF(ISNA(VLOOKUP(B27,'Regioturnier 2'!$R$3:$S$34,2,FALSE))=TRUE,0,VLOOKUP(B27,'Regioturnier 2'!$R$3:$S$34,2,FALSE)), IF(ISNA(VLOOKUP(B27,'Regioturnier 2'!$V$3:$W$34,2,FALSE))=TRUE,0,VLOOKUP(B27,'Regioturnier 2'!$V$3:$W$34,2,FALSE)), IF(ISNA(VLOOKUP(B27,'Regioturnier 2'!$Z$3:$AA$34,2,FALSE))=TRUE,0,VLOOKUP(B27,'Regioturnier 2'!$Z$3:$AA$34,2,FALSE))) -> 188 | Q27: =MAX(IF(ISNA(VLOOKUP(B27,'Regioturnier 3'!$B$3:$C$34,2,FALSE))=TRUE,0,VLOOKUP(B27,'Regioturnier 3'!$B$3:$C$34,2,FALSE)),IF(ISNA(VLOOKUP(B27,'Regioturnier 3'!$F$3:$G$34,2,FALSE))=TRUE,0,VLOOKUP(B27,'Regioturnier 3'!$F$3:$G$34,2,FALSE)),IF(ISNA(VLOOKUP(B27,'Regioturnier 3'!$J$3:$K$34,2,FALSE))=TRUE,0,VLOOKUP(B27,'Regioturnier 3'!$J$3:$K$34,2,FALSE)),IF(ISNA(VLOOKUP(B27,'Regioturnier 3'!$N$3:$O$34,2,FALSE))=TRUE,0,VLOOKUP(B27,'Regioturnier 3'!$N$3:$O$34,2,FALSE)),IF(ISNA(VLOOKUP(B27,'Regioturnier 3'!$R$3:$S$34,2,FALSE))=TRUE,0,VLOOKUP(B27,'Regioturnier 3'!$R$3:$S$34,2,FALSE)), IF(ISNA(VLOOKUP(B27,'Regioturnier 3'!$V$3:$W$34,2,FALSE))=TRUE,0,VLOOKUP(B27,'Regioturnier 3'!$V$3:$W$34,2,FALSE)), IF(ISNA(VLOOKUP(B27,'Regioturnier 3'!$Z$3:$AA$34,2,FALSE))=TRUE,0,VLOOKUP(B27,'Regioturnier 3'!$Z$3:$AA$34,2,FALSE))) -> 0 | R27: =0.5*INDEX($H27:$N27,MATCH(LARGE($H27:$N27,1),$H27:$N27,0))+0.3*INDEX($H27:$N27,MATCH(LARGE($H27:$N27,2),$H27:$N27,0))+0.2*INDEX($H27:$N27,MATCH(LARGE($H27:$N27,3),$H27:$N27,0)) -> 164 | S27: {=0.5*INDEX(O27:Q27,MATCH(LARGE(O27:Q27,1),O27:Q27,0))+0.3*INDEX(O27:Q27,MATCH(LARGE(O27:Q27,2),O27:Q27,0))+0.2*INDEX(O27:Q27,MATCH(LARGE(O27:Q27,3),O27:Q27,0))} -> 147.7 | T27: =1*INDEX(R27:S27,MATCH(LARGE(R27:S27,1),R27:S27,0))+0*INDEX(R27:S27,MATCH(LARGE(R27:S27,2),R27:S27,0)) -> 164
A28: 27 | B28: Louis Mayer | C28: WBH WIEN | D28: WBV | E28: M | F28: 112110 | G28: 2014 | H28: =MAX(IF(ISNA(VLOOKUP(B28,'WBV 1'!$B$3:$C$34,2,FALSE))=TRUE,0,VLOOKUP(B28,'WBV 1'!$B$3:$C$34,2,FALSE)),IF(ISNA(VLOOKUP(B28,'WBV 1'!$F$3:$G$34,2,FALSE))=TRUE,0,VLOOKUP(B28,'WBV 1'!$F$3:$G$34,2,FALSE)),IF(ISNA(VLOOKUP(B28,'WBV 1'!$J$3:$K$34,2,FALSE))=TRUE,0,VLOOKUP(B28,'WBV 1'!$J$3:$K$34,2,FALSE)),IF(ISNA(VLOOKUP(B28,'WBV 1'!$N$3:$O$34,2,FALSE))=TRUE,0,VLOOKUP(B28,'WBV 1'!$N$3:$O$34,2,FALSE))) -> 169 | I28: =MAX(IF(ISNA(VLOOKUP(B28,'WBV 2'!$B$3:$C$34,2,FALSE))=TRUE,0,VLOOKUP(B28,'WBV 2'!$B$3:$C$34,2,FALSE)),IF(ISNA(VLOOKUP(B28,'WBV 2'!$F$3:$G$34,2,FALSE))=TRUE,0,VLOOKUP(B28,'WBV 2'!$F$3:$G$34,2,FALSE)),IF(ISNA(VLOOKUP(B28,'WBV 2'!$J$3:$K$34,2,FALSE))=TRUE,0,VLOOKUP(B28,'WBV 2'!$J$3:$K$34,2,FALSE)),IF(ISNA(VLOOKUP(B28,'WBV 2'!$N$3:$O$34,2,FALSE))=TRUE,0,VLOOKUP(B28,'WBV 2'!$N$3:$O$34,2,FALSE))) -> 164 | J28: =MAX(IF(ISNA(VLOOKUP(B28,'WBV 3'!$B$3:$C$34,2,FALSE))=TRUE,0,VLOOKUP(B28,'WBV 3'!$B$3:$C$34,2,FALSE)),IF(ISNA(VLOOKUP(B28,'WBV 3'!$F$3:$G$34,2,FALSE))=TRUE,0,VLOOKUP(B28,'WBV 3'!$F$3:$G$34,2,FALSE)),IF(ISNA(VLOOKUP(B28,'WBV 3'!$J$3:$K$34,2,FALSE))=TRUE,0,VLOOKUP(B28,'WBV 3'!$J$3:$K$34,2,FALSE)),IF(ISNA(VLOOKUP(B28,'WBV 3'!$N$3:$O$34,2,FALSE))=TRUE,0,VLOOKUP(B28,'WBV 3'!$N$3:$O$34,2,FALSE))) -> 141 | K28: =MAX(IF(ISNA(VLOOKUP(B28,'WBV 4'!$B$3:$C$34,2,FALSE))=TRUE,0,VLOOKUP(B28,'WBV 4'!$B$3:$C$34,2,FALSE)),IF(ISNA(VLOOKUP(B28,'WBV 4'!$F$3:$G$34,2,FALSE))=TRUE,0,VLOOKUP(B28,'WBV 4'!$F$3:$G$34,2,FALSE)),IF(ISNA(VLOOKUP(B28,'WBV 4'!$J$3:$K$34,2,FALSE))=TRUE,0,VLOOKUP(B28,'WBV 4'!$J$3:$K$34,2,FALSE)),IF(ISNA(VLOOKUP(B28,'WBV 4'!$N$3:$O$34,2,FALSE))=TRUE,0,VLOOKUP(B28,'WBV 4'!$N$3:$O$34,2,FALSE))) -> 0 | L28: =MAX(IF(ISNA(VLOOKUP(B28,'NÖBV 1'!$B$3:$C$34,2,FALSE))=TRUE,0,VLOOKUP(B28,'NÖBV 1'!$B$3:$C$34,2,FALSE)),IF(ISNA(VLOOKUP(B28,'NÖBV 1'!$F$3:$G$34,2,FALSE))=TRUE,0,VLOOKUP(B28,'NÖBV 1'!$F$3:$G$34,2,FALSE)),IF(ISNA(VLOOKUP(B28,'NÖBV 1'!$J$3:$K$34,2,FALSE))=TRUE,0,VLOOKUP(B28,'NÖBV 1'!$J$3:$K$34,2,FALSE)),IF(ISNA(VLOOKUP(B28,'NÖBV 1'!$N$3:$O$34,2,FALSE))=TRUE,0,VLOOKUP(B28,'NÖBV 1'!$N$3:$O$34,2,FALSE))) -> 0 | M28: =MAX(IF(ISNA(VLOOKUP(B28,'NÖBV 2'!$B$3:$C$34,2,FALSE))=TRUE,0,VLOOKUP(B28,'NÖBV 2'!$B$3:$C$34,2,FALSE)),IF(ISNA(VLOOKUP(B28,'NÖBV 2'!$F$3:$G$34,2,FALSE))=TRUE,0,VLOOKUP(B28,'NÖBV 2'!$F$3:$G$34,2,FALSE)),IF(ISNA(VLOOKUP(B28,'NÖBV 2'!$J$3:$K$34,2,FALSE))=TRUE,0,VLOOKUP(B28,'NÖBV 2'!$J$3:$K$34,2,FALSE)),IF(ISNA(VLOOKUP(B28,'NÖBV 2'!$N$3:$O$34,2,FALSE))=TRUE,0,VLOOKUP(B28,'NÖBV 2'!$N$3:$O$34,2,FALSE))) -> 0 | N28: =MAX(IF(ISNA(VLOOKUP(B28,'NÖBV 3'!$B$3:$C$34,2,FALSE))=TRUE,0,VLOOKUP(B28,'NÖBV 3'!$B$3:$C$34,2,FALSE)),IF(ISNA(VLOOKUP(B28,'NÖBV 3'!$F$3:$G$34,2,FALSE))=TRUE,0,VLOOKUP(B28,'NÖBV 3'!$F$3:$G$34,2,FALSE)),IF(ISNA(VLOOKUP(B28,'NÖBV 3'!$J$3:$K$34,2,FALSE))=TRUE,0,VLOOKUP(B28,'NÖBV 3'!$J$3:$K$34,2,FALSE)),IF(ISNA(VLOOKUP(B28,'NÖBV 3'!$N$3:$O$34,2,FALSE))=TRUE,0,VLOOKUP(B28,'NÖBV 3'!$N$3:$O$34,2,FALSE))) -> 0 | O28: =MAX(IF(ISNA(VLOOKUP(B28,'Regioturnier 1'!$B$3:$C$34,2,FALSE))=TRUE,0,VLOOKUP(B28,'Regioturnier 1'!$B$3:$C$34,2,FALSE)),IF(ISNA(VLOOKUP(B28,'Regioturnier 1'!$F$3:$G$34,2,FALSE))=TRUE,0,VLOOKUP(B28,'Regioturnier 1'!$F$3:$G$34,2,FALSE)),IF(ISNA(VLOOKUP(B28,'Regioturnier 1'!$J$3:$K$34,2,FALSE))=TRUE,0,VLOOKUP(B28,'Regioturnier 1'!$J$3:$K$34,2,FALSE)),IF(ISNA(VLOOKUP(B28,'Regioturnier 1'!$N$3:$O$34,2,FALSE))=TRUE,0,VLOOKUP(B28,'Regioturnier 1'!$N$3:$O$34,2,FALSE)),IF(ISNA(VLOOKUP(B28,'Regioturnier 1'!$R$3:$S$34,2,FALSE))=TRUE,0,VLOOKUP(B28,'Regioturnier 1'!$R$3:$S$34,2,FALSE)), IF(ISNA(VLOOKUP(B28,'Regioturnier 1'!$V$3:$W$34,2,FALSE))=TRUE,0,VLOOKUP(B28,'Regioturnier 1'!$V$3:$W$34,2,FALSE)), IF(ISNA(VLOOKUP(B28,'Regioturnier 1'!$Z$3:$AA$34,2,FALSE))=TRUE,0,VLOOKUP(B28,'Regioturnier 1'!$Z$3:$AA$34,2,FALSE))) -> 0 | P28: =MAX(IF(ISNA(VLOOKUP(B28,'Regioturnier 2'!$B$3:$C$34,2,FALSE))=TRUE,0,VLOOKUP(B28,'Regioturnier 2'!$B$3:$C$34,2,FALSE)),IF(ISNA(VLOOKUP(B28,'Regioturnier 2'!$F$3:$G$34,2,FALSE))=TRUE,0,VLOOKUP(B28,'Regioturnier 2'!$F$3:$G$34,2,FALSE)),IF(ISNA(VLOOKUP(B28,'Regioturnier 2'!$J$3:$K$34,2,FALSE))=TRUE,0,VLOOKUP(B28,'Regioturnier 2'!$J$3:$K$34,2,FALSE)),IF(ISNA(VLOOKUP(B28,'Regioturnier 2'!$N$3:$O$34,2,FALSE))=TRUE,0,VLOOKUP(B28,'Regioturnier 2'!$N$3:$O$34,2,FALSE)),IF(ISNA(VLOOKUP(B28,'Regioturnier 2'!$R$3:$S$34,2,FALSE))=TRUE,0,VLOOKUP(B28,'Regioturnier 2'!$R$3:$S$34,2,FALSE)), IF(ISNA(VLOOKUP(B28,'Regioturnier 2'!$V$3:$W$34,2,FALSE))=TRUE,0,VLOOKUP(B28,'Regioturnier 2'!$V$3:$W$34,2,FALSE)), IF(ISNA(VLOOKUP(B28,'Regioturnier 2'!$Z$3:$AA$34,2,FALSE))=TRUE,0,VLOOKUP(B28,'Regioturnier 2'!$Z$3:$AA$34,2,FALSE))) -> 186 | Q28: =MAX(IF(ISNA(VLOOKUP(B28,'Regioturnier 3'!$B$3:$C$34,2,FALSE))=TRUE,0,VLOOKUP(B28,'Regioturnier 3'!$B$3:$C$34,2,FALSE)),IF(ISNA(VLOOKUP(B28,'Regioturnier 3'!$F$3:$G$34,2,FALSE))=TRUE,0,VLOOKUP(B28,'Regioturnier 3'!$F$3:$G$34,2,FALSE)),IF(ISNA(VLOOKUP(B28,'Regioturnier 3'!$J$3:$K$34,2,FALSE))=TRUE,0,VLOOKUP(B28,'Regioturnier 3'!$J$3:$K$34,2,FALSE)),IF(ISNA(VLOOKUP(B28,'Regioturnier 3'!$N$3:$O$34,2,FALSE))=TRUE,0,VLOOKUP(B28,'Regioturnier 3'!$N$3:$O$34,2,FALSE)),IF(ISNA(VLOOKUP(B28,'Regioturnier 3'!$R$3:$S$34,2,FALSE))=TRUE,0,VLOOKUP(B28,'Regioturnier 3'!$R$3:$S$34,2,FALSE)), IF(ISNA(VLOOKUP(B28,'Regioturnier 3'!$V$3:$W$34,2,FALSE))=TRUE,0,VLOOKUP(B28,'Regioturnier 3'!$V$3:$W$34,2,FALSE)), IF(ISNA(VLOOKUP(B28,'Regioturnier 3'!$Z$3:$AA$34,2,FALSE))=TRUE,0,VLOOKUP(B28,'Regioturnier 3'!$Z$3:$AA$34,2,FALSE))) -> 0 | R28: =0.5*INDEX($H28:$N28,MATCH(LARGE($H28:$N28,1),$H28:$N28,0))+0.3*INDEX($H28:$N28,MATCH(LARGE($H28:$N28,2),$H28:$N28,0))+0.2*INDEX($H28:$N28,MATCH(LARGE($H28:$N28,3),$H28:$N28,0)) -> 161.9 | S28: =0.6*INDEX(O28:Q28,MATCH(LARGE(O28:Q28,1),O28:Q28,0))+0.4*INDEX(O28:Q28,MATCH(LARGE(O28:Q28,2),O28:Q28,0))+0*INDEX(O28:Q28,MATCH(LARGE(O28:Q28,3),O28:Q28,0)) -> 111.6 | T28: =1*INDEX(R28:S28,MATCH(LARGE(R28:S28,1),R28:S28,0))+0*INDEX(R28:S28,MATCH(LARGE(R28:S28,2),R28:S28,0)) -> 161.9
A29: 28 | B29: Hector Recalde | C29: Sportunion Krems | D29: NÖBV | E29: M | F29: 208878 | G29: 2013 | H29: =MAX(IF(ISNA(VLOOKUP(B29,'WBV 1'!$B$3:$C$34,2,FALSE))=TRUE,0,VLOOKUP(B29,'WBV 1'!$B$3:$C$34,2,FALSE)),IF(ISNA(VLOOKUP(B29,'WBV 1'!$F$3:$G$34,2,FALSE))=TRUE,0,VLOOKUP(B29,'WBV 1'!$F$3:$G$34,2,FALSE)),IF(ISNA(VLOOKUP(B29,'WBV 1'!$J$3:$K$34,2,FALSE))=TRUE,0,VLOOKUP(B29,'WBV 1'!$J$3:$K$34,2,FALSE)),IF(ISNA(VLOOKUP(B29,'WBV 1'!$N$3:$O$34,2,FALSE))=TRUE,0,VLOOKUP(B29,'WBV 1'!$N$3:$O$34,2,FALSE))) -> 0 | I29: =MAX(IF(ISNA(VLOOKUP(B29,'WBV 2'!$B$3:$C$34,2,FALSE))=TRUE,0,VLOOKUP(B29,'WBV 2'!$B$3:$C$34,2,FALSE)),IF(ISNA(VLOOKUP(B29,'WBV 2'!$F$3:$G$34,2,FALSE))=TRUE,0,VLOOKUP(B29,'WBV 2'!$F$3:$G$34,2,FALSE)),IF(ISNA(VLOOKUP(B29,'WBV 2'!$J$3:$K$34,2,FALSE))=TRUE,0,VLOOKUP(B29,'WBV 2'!$J$3:$K$34,2,FALSE)),IF(ISNA(VLOOKUP(B29,'WBV 2'!$N$3:$O$34,2,FALSE))=TRUE,0,VLOOKUP(B29,'WBV 2'!$N$3:$O$34,2,FALSE))) -> 0 | J29: =MAX(IF(ISNA(VLOOKUP(B29,'WBV 3'!$B$3:$C$34,2,FALSE))=TRUE,0,VLOOKUP(B29,'WBV 3'!$B$3:$C$34,2,FALSE)),IF(ISNA(VLOOKUP(B29,'WBV 3'!$F$3:$G$34,2,FALSE))=TRUE,0,VLOOKUP(B29,'WBV 3'!$F$3:$G$34,2,FALSE)),IF(ISNA(VLOOKUP(B29,'WBV 3'!$J$3:$K$34,2,FALSE))=TRUE,0,VLOOKUP(B29,'WBV 3'!$J$3:$K$34,2,FALSE)),IF(ISNA(VLOOKUP(B29,'WBV 3'!$N$3:$O$34,2,FALSE))=TRUE,0,VLOOKUP(B29,'WBV 3'!$N$3:$O$34,2,FALSE))) -> 0 | K29: =MAX(IF(ISNA(VLOOKUP(B29,'WBV 4'!$B$3:$C$34,2,FALSE))=TRUE,0,VLOOKUP(B29,'WBV 4'!$B$3:$C$34,2,FALSE)),IF(ISNA(VLOOKUP(B29,'WBV 4'!$F$3:$G$34,2,FALSE))=TRUE,0,VLOOKUP(B29,'WBV 4'!$F$3:$G$34,2,FALSE)),IF(ISNA(VLOOKUP(B29,'WBV 4'!$J$3:$K$34,2,FALSE))=TRUE,0,VLOOKUP(B29,'WBV 4'!$J$3:$K$34,2,FALSE)),IF(ISNA(VLOOKUP(B29,'WBV 4'!$N$3:$O$34,2,FALSE))=TRUE,0,VLOOKUP(B29,'WBV 4'!$N$3:$O$34,2,FALSE))) -> 0 | L29: =MAX(IF(ISNA(VLOOKUP(B29,'NÖBV 1'!$B$3:$C$34,2,FALSE))=TRUE,0,VLOOKUP(B29,'NÖBV 1'!$B$3:$C$34,2,FALSE)),IF(ISNA(VLOOKUP(B29,'NÖBV 1'!$F$3:$G$34,2,FALSE))=TRUE,0,VLOOKUP(B29,'NÖBV 1'!$F$3:$G$34,2,FALSE)),IF(ISNA(VLOOKUP(B29,'NÖBV 1'!$J$3:$K$34,2,FALSE))=TRUE,0,VLOOKUP(B29,'NÖBV 1'!$J$3:$K$34,2,FALSE)),IF(ISNA(VLOOKUP(B29,'NÖBV 1'!$N$3:$O$34,2,FALSE))=TRUE,0,VLOOKUP(B29,'NÖBV 1'!$N$3:$O$34,2,FALSE))) -> 154 | M29: =MAX(IF(ISNA(VLOOKUP(B29,'NÖBV 2'!$B$3:$C$34,2,FALSE))=TRUE,0,VLOOKUP(B29,'NÖBV 2'!$B$3:$C$34,2,FALSE)),IF(ISNA(VLOOKUP(B29,'NÖBV 2'!$F$3:$G$34,2,FALSE))=TRUE,0,VLOOKUP(B29,'NÖBV 2'!$F$3:$G$34,2,FALSE)),IF(ISNA(VLOOKUP(B29,'NÖBV 2'!$J$3:$K$34,2,FALSE))=TRUE,0,VLOOKUP(B29,'NÖBV 2'!$J$3:$K$34,2,FALSE)),IF(ISNA(VLOOKUP(B29,'NÖBV 2'!$N$3:$O$34,2,FALSE))=TRUE,0,VLOOKUP(B29,'NÖBV 2'!$N$3:$O$34,2,FALSE))) -> 150 | N29: =MAX(IF(ISNA(VLOOKUP(B29,'NÖBV 3'!$B$3:$C$34,2,FALSE))=TRUE,0,VLOOKUP(B29,'NÖBV 3'!$B$3:$C$34,2,FALSE)),IF(ISNA(VLOOKUP(B29,'NÖBV 3'!$F$3:$G$34,2,FALSE))=TRUE,0,VLOOKUP(B29,'NÖBV 3'!$F$3:$G$34,2,FALSE)),IF(ISNA(VLOOKUP(B29,'NÖBV 3'!$J$3:$K$34,2,FALSE))=TRUE,0,VLOOKUP(B29,'NÖBV 3'!$J$3:$K$34,2,FALSE)),IF(ISNA(VLOOKUP(B29,'NÖBV 3'!$N$3:$O$34,2,FALSE))=TRUE,0,VLOOKUP(B29,'NÖBV 3'!$N$3:$O$34,2,FALSE))) -> 170 | O29: =MAX(IF(ISNA(VLOOKUP(B29,'Regioturnier 1'!$B$3:$C$34,2,FALSE))=TRUE,0,VLOOKUP(B29,'Regioturnier 1'!$B$3:$C$34,2,FALSE)),IF(ISNA(VLOOKUP(B29,'Regioturnier 1'!$F$3:$G$34,2,FALSE))=TRUE,0,VLOOKUP(B29,'Regioturnier 1'!$F$3:$G$34,2,FALSE)),IF(ISNA(VLOOKUP(B29,'Regioturnier 1'!$J$3:$K$34,2,FALSE))=TRUE,0,VLOOKUP(B29,'Regioturnier 1'!$J$3:$K$34,2,FALSE)),IF(ISNA(VLOOKUP(B29,'Regioturnier 1'!$N$3:$O$34,2,FALSE))=TRUE,0,VLOOKUP(B29,'Regioturnier 1'!$N$3:$O$34,2,FALSE)),IF(ISNA(VLOOKUP(B29,'Regioturnier 1'!$R$3:$S$34,2,FALSE))=TRUE,0,VLOOKUP(B29,'Regioturnier 1'!$R$3:$S$34,2,FALSE)), IF(ISNA(VLOOKUP(B29,'Regioturnier 1'!$V$3:$W$34,2,FALSE))=TRUE,0,VLOOKUP(B29,'Regioturnier 1'!$V$3:$W$34,2,FALSE)), IF(ISNA(VLOOKUP(B29,'Regioturnier 1'!$Z$3:$AA$34,2,FALSE))=TRUE,0,VLOOKUP(B29,'Regioturnier 1'!$Z$3:$AA$34,2,FALSE))) -> 0 | P29: =MAX(IF(ISNA(VLOOKUP(B29,'Regioturnier 2'!$B$3:$C$34,2,FALSE))=TRUE,0,VLOOKUP(B29,'Regioturnier 2'!$B$3:$C$34,2,FALSE)),IF(ISNA(VLOOKUP(B29,'Regioturnier 2'!$F$3:$G$34,2,FALSE))=TRUE,0,VLOOKUP(B29,'Regioturnier 2'!$F$3:$G$34,2,FALSE)),IF(ISNA(VLOOKUP(B29,'Regioturnier 2'!$J$3:$K$34,2,FALSE))=TRUE,0,VLOOKUP(B29,'Regioturnier 2'!$J$3:$K$34,2,FALSE)),IF(ISNA(VLOOKUP(B29,'Regioturnier 2'!$N$3:$O$34,2,FALSE))=TRUE,0,VLOOKUP(B29,'Regioturnier 2'!$N$3:$O$34,2,FALSE)),IF(ISNA(VLOOKUP(B29,'Regioturnier 2'!$R$3:$S$34,2,FALSE))=TRUE,0,VLOOKUP(B29,'Regioturnier 2'!$R$3:$S$34,2,FALSE)), IF(ISNA(VLOOKUP(B29,'Regioturnier 2'!$V$3:$W$34,2,FALSE))=TRUE,0,VLOOKUP(B29,'Regioturnier 2'!$V$3:$W$34,2,FALSE)), IF(ISNA(VLOOKUP(B29,'Regioturnier 2'!$Z$3:$AA$34,2,FALSE))=TRUE,0,VLOOKUP(B29,'Regioturnier 2'!$Z$3:$AA$34,2,FALSE))) -> 0 | Q29: =MAX(IF(ISNA(VLOOKUP(B29,'Regioturnier 3'!$B$3:$C$34,2,FALSE))=TRUE,0,VLOOKUP(B29,'Regioturnier 3'!$B$3:$C$34,2,FALSE)),IF(ISNA(VLOOKUP(B29,'Regioturnier 3'!$F$3:$G$34,2,FALSE))=TRUE,0,VLOOKUP(B29,'Regioturnier 3'!$F$3:$G$34,2,FALSE)),IF(ISNA(VLOOKUP(B29,'Regioturnier 3'!$J$3:$K$34,2,FALSE))=TRUE,0,VLOOKUP(B29,'Regioturnier 3'!$J$3:$K$34,2,FALSE)),IF(ISNA(VLOOKUP(B29,'Regioturnier 3'!$N$3:$O$34,2,FALSE))=TRUE,0,VLOOKUP(B29,'Regioturnier 3'!$N$3:$O$34,2,FALSE)),IF(ISNA(VLOOKUP(B29,'Regioturnier 3'!$R$3:$S$34,2,FALSE))=TRUE,0,VLOOKUP(B29,'Regioturnier 3'!$R$3:$S$34,2,FALSE)), IF(ISNA(VLOOKUP(B29,'Regioturnier 3'!$V$3:$W$34,2,FALSE))=TRUE,0,VLOOKUP(B29,'Regioturnier 3'!$V$3:$W$34,2,FALSE)), IF(ISNA(VLOOKUP(B29,'Regioturnier 3'!$Z$3:$AA$34,2,FALSE))=TRUE,0,VLOOKUP(B29,'Regioturnier 3'!$Z$3:$AA$34,2,FALSE))) -> 0 | R29: =0.5*INDEX($H29:$N29,MATCH(LARGE($H29:$N29,1),$H29:$N29,0))+0.3*INDEX($H29:$N29,MATCH(LARGE($H29:$N29,2),$H29:$N29,0))+0.2*INDEX($H29:$N29,MATCH(LARGE($H29:$N29,3),$H29:$N29,0)) -> 161.2 | S29: =0.6*INDEX(O29:Q29,MATCH(LARGE(O29:Q29,1),O29:Q29,0))+0.4*INDEX(O29:Q29,MATCH(LARGE(O29:Q29,2),O29:Q29,0))+0*INDEX(O29:Q29,MATCH(LARGE(O29:Q29,3),O29:Q29,0)) -> 0 | T29: =1*INDEX(R29:S29,MATCH(LARGE(R29:S29,1),R29:S29,0))+0*INDEX(R29:S29,MATCH(LARGE(R29:S29,2),R29:S29,0)) -> 161.2
A30: 29 | B30: Tobias Gerner | C30: Union VRC Badminton | D30: WBV | E30: M | F30: 112227 | G30: 2016 | H30: =MAX(IF(ISNA(VLOOKUP(B30,'WBV 1'!$B$3:$C$34,2,FALSE))=TRUE,0,VLOOKUP(B30,'WBV 1'!$B$3:$C$34,2,FALSE)),IF(ISNA(VLOOKUP(B30,'WBV 1'!$F$3:$G$34,2,FALSE))=TRUE,0,VLOOKUP(B30,'WBV 1'!$F$3:$G$34,2,FALSE)),IF(ISNA(VLOOKUP(B30,'WBV 1'!$J$3:$K$34,2,FALSE))=TRUE,0,VLOOKUP(B30,'WBV 1'!$J$3:$K$34,2,FALSE)),IF(ISNA(VLOOKUP(B30,'WBV 1'!$N$3:$O$34,2,FALSE))=TRUE,0,VLOOKUP(B30,'WBV 1'!$N$3:$O$34,2,FALSE))) -> 155 | I30: =MAX(IF(ISNA(VLOOKUP(B30,'WBV 2'!$B$3:$C$34,2,FALSE))=TRUE,0,VLOOKUP(B30,'WBV 2'!$B$3:$C$34,2,FALSE)),IF(ISNA(VLOOKUP(B30,'WBV 2'!$F$3:$G$34,2,FALSE))=TRUE,0,VLOOKUP(B30,'WBV 2'!$F$3:$G$34,2,FALSE)),IF(ISNA(VLOOKUP(B30,'WBV 2'!$J$3:$K$34,2,FALSE))=TRUE,0,VLOOKUP(B30,'WBV 2'!$J$3:$K$34,2,FALSE)),IF(ISNA(VLOOKUP(B30,'WBV 2'!$N$3:$O$34,2,FALSE))=TRUE,0,VLOOKUP(B30,'WBV 2'!$N$3:$O$34,2,FALSE))) -> 148 | J30: =MAX(IF(ISNA(VLOOKUP(B30,'WBV 3'!$B$3:$C$34,2,FALSE))=TRUE,0,VLOOKUP(B30,'WBV 3'!$B$3:$C$34,2,FALSE)),IF(ISNA(VLOOKUP(B30,'WBV 3'!$F$3:$G$34,2,FALSE))=TRUE,0,VLOOKUP(B30,'WBV 3'!$F$3:$G$34,2,FALSE)),IF(ISNA(VLOOKUP(B30,'WBV 3'!$J$3:$K$34,2,FALSE))=TRUE,0,VLOOKUP(B30,'WBV 3'!$J$3:$K$34,2,FALSE)),IF(ISNA(VLOOKUP(B30,'WBV 3'!$N$3:$O$34,2,FALSE))=TRUE,0,VLOOKUP(B30,'WBV 3'!$N$3:$O$34,2,FALSE))) -> 168 | K30: =MAX(IF(ISNA(VLOOKUP(B30,'WBV 4'!$B$3:$C$34,2,FALSE))=TRUE,0,VLOOKUP(B30,'WBV 4'!$B$3:$C$34,2,FALSE)),IF(ISNA(VLOOKUP(B30,'WBV 4'!$F$3:$G$34,2,FALSE))=TRUE,0,VLOOKUP(B30,'WBV 4'!$F$3:$G$34,2,FALSE)),IF(ISNA(VLOOKUP(B30,'WBV 4'!$J$3:$K$34,2,FALSE))=TRUE,0,VLOOKUP(B30,'WBV 4'!$J$3:$K$34,2,FALSE)),IF(ISNA(VLOOKUP(B30,'WBV 4'!$N$3:$O$34,2,FALSE))=TRUE,0,VLOOKUP(B30,'WBV 4'!$N$3:$O$34,2,FALSE))) -> 0 | L30: =MAX(IF(ISNA(VLOOKUP(B30,'NÖBV 1'!$B$3:$C$34,2,FALSE))=TRUE,0,VLOOKUP(B30,'NÖBV 1'!$B$3:$C$34,2,FALSE)),IF(ISNA(VLOOKUP(B30,'NÖBV 1'!$F$3:$G$34,2,FALSE))=TRUE,0,VLOOKUP(B30,'NÖBV 1'!$F$3:$G$34,2,FALSE)),IF(ISNA(VLOOKUP(B30,'NÖBV 1'!$J$3:$K$34,2,FALSE))=TRUE,0,VLOOKUP(B30,'NÖBV 1'!$J$3:$K$34,2,FALSE)),IF(ISNA(VLOOKUP(B30,'NÖBV 1'!$N$3:$O$34,2,FALSE))=TRUE,0,VLOOKUP(B30,'NÖBV 1'!$N$3:$O$34,2,FALSE))) -> 0 | M30: =MAX(IF(ISNA(VLOOKUP(B30,'NÖBV 2'!$B$3:$C$34,2,FALSE))=TRUE,0,VLOOKUP(B30,'NÖBV 2'!$B$3:$C$34,2,FALSE)),IF(ISNA(VLOOKUP(B30,'NÖBV 2'!$F$3:$G$34,2,FALSE))=TRUE,0,VLOOKUP(B30,'NÖBV 2'!$F$3:$G$34,2,FALSE)),IF(ISNA(VLOOKUP(B30,'NÖBV 2'!$J$3:$K$34,2,FALSE))=TRUE,0,VLOOKUP(B30,'NÖBV 2'!$J$3:$K$34,2,FALSE)),IF(ISNA(VLOOKUP(B30,'NÖBV 2'!$N$3:$O$34,2,FALSE))=TRUE,0,VLOOKUP(B30,'NÖBV 2'!$N$3:$O$34,2,FALSE))) -> 0 | N30: =MAX(IF(ISNA(VLOOKUP(B30,'NÖBV 3'!$B$3:$C$34,2,FALSE))=TRUE,0,VLOOKUP(B30,'NÖBV 3'!$B$3:$C$34,2,FALSE)),IF(ISNA(VLOOKUP(B30,'NÖBV 3'!$F$3:$G$34,2,FALSE))=TRUE,0,VLOOKUP(B30,'NÖBV 3'!$F$3:$G$34,2,FALSE)),IF(ISNA(VLOOKUP(B30,'NÖBV 3'!$J$3:$K$34,2,FALSE))=TRUE,0,VLOOKUP(B30,'NÖBV 3'!$J$3:$K$34,2,FALSE)),IF(ISNA(VLOOKUP(B30,'NÖBV 3'!$N$3:$O$34,2,FALSE))=TRUE,0,VLOOKUP(B30,'NÖBV 3'!$N$3:$O$34,2,FALSE))) -> 0 | O30: =MAX(IF(ISNA(VLOOKUP(B30,'Regioturnier 1'!$B$3:$C$34,2,FALSE))=TRUE,0,VLOOKUP(B30,'Regioturnier 1'!$B$3:$C$34,2,FALSE)),IF(ISNA(VLOOKUP(B30,'Regioturnier 1'!$F$3:$G$34,2,FALSE))=TRUE,0,VLOOKUP(B30,'Regioturnier 1'!$F$3:$G$34,2,FALSE)),IF(ISNA(VLOOKUP(B30,'Regioturnier 1'!$J$3:$K$34,2,FALSE))=TRUE,0,VLOOKUP(B30,'Regioturnier 1'!$J$3:$K$34,2,FALSE)),IF(ISNA(VLOOKUP(B30,'Regioturnier 1'!$N$3:$O$34,2,FALSE))=TRUE,0,VLOOKUP(B30,'Regioturnier 1'!$N$3:$O$34,2,FALSE)),IF(ISNA(VLOOKUP(B30,'Regioturnier 1'!$R$3:$S$34,2,FALSE))=TRUE,0,VLOOKUP(B30,'Regioturnier 1'!$R$3:$S$34,2,FALSE)), IF(ISNA(VLOOKUP(B30,'Regioturnier 1'!$V$3:$W$34,2,FALSE))=TRUE,0,VLOOKUP(B30,'Regioturnier 1'!$V$3:$W$34,2,FALSE)), IF(ISNA(VLOOKUP(B30,'Regioturnier 1'!$Z$3:$AA$34,2,FALSE))=TRUE,0,VLOOKUP(B30,'Regioturnier 1'!$Z$3:$AA$34,2,FALSE))) -> 171 | P30: =MAX(IF(ISNA(VLOOKUP(B30,'Regioturnier 2'!$B$3:$C$34,2,FALSE))=TRUE,0,VLOOKUP(B30,'Regioturnier 2'!$B$3:$C$34,2,FALSE)),IF(ISNA(VLOOKUP(B30,'Regioturnier 2'!$F$3:$G$34,2,FALSE))=TRUE,0,VLOOKUP(B30,'Regioturnier 2'!$F$3:$G$34,2,FALSE)),IF(ISNA(VLOOKUP(B30,'Regioturnier 2'!$J$3:$K$34,2,FALSE))=TRUE,0,VLOOKUP(B30,'Regioturnier 2'!$J$3:$K$34,2,FALSE)),IF(ISNA(VLOOKUP(B30,'Regioturnier 2'!$N$3:$O$34,2,FALSE))=TRUE,0,VLOOKUP(B30,'Regioturnier 2'!$N$3:$O$34,2,FALSE)),IF(ISNA(VLOOKUP(B30,'Regioturnier 2'!$R$3:$S$34,2,FALSE))=TRUE,0,VLOOKUP(B30,'Regioturnier 2'!$R$3:$S$34,2,FALSE)), IF(ISNA(VLOOKUP(B30,'Regioturnier 2'!$V$3:$W$34,2,FALSE))=TRUE,0,VLOOKUP(B30,'Regioturnier 2'!$V$3:$W$34,2,FALSE)), IF(ISNA(VLOOKUP(B30,'Regioturnier 2'!$Z$3:$AA$34,2,FALSE))=TRUE,0,VLOOKUP(B30,'Regioturnier 2'!$Z$3:$AA$34,2,FALSE))) -> 0 | Q30: =MAX(IF(ISNA(VLOOKUP(B30,'Regioturnier 3'!$B$3:$C$34,2,FALSE))=TRUE,0,VLOOKUP(B30,'Regioturnier 3'!$B$3:$C$34,2,FALSE)),IF(ISNA(VLOOKUP(B30,'Regioturnier 3'!$F$3:$G$34,2,FALSE))=TRUE,0,VLOOKUP(B30,'Regioturnier 3'!$F$3:$G$34,2,FALSE)),IF(ISNA(VLOOKUP(B30,'Regioturnier 3'!$J$3:$K$34,2,FALSE))=TRUE,0,VLOOKUP(B30,'Regioturnier 3'!$J$3:$K$34,2,FALSE)),IF(ISNA(VLOOKUP(B30,'Regioturnier 3'!$N$3:$O$34,2,FALSE))=TRUE,0,VLOOKUP(B30,'Regioturnier 3'!$N$3:$O$34,2,FALSE)),IF(ISNA(VLOOKUP(B30,'Regioturnier 3'!$R$3:$S$34,2,FALSE))=TRUE,0,VLOOKUP(B30,'Regioturnier 3'!$R$3:$S$34,2,FALSE)), IF(ISNA(VLOOKUP(B30,'Regioturnier 3'!$V$3:$W$34,2,FALSE))=TRUE,0,VLOOKUP(B30,'Regioturnier 3'!$V$3:$W$34,2,FALSE)), IF(ISNA(VLOOKUP(B30,'Regioturnier 3'!$Z$3:$AA$34,2,FALSE))=TRUE,0,VLOOKUP(B30,'Regioturnier 3'!$Z$3:$AA$34,2,FALSE))) -> 0 | R30: =0.5*INDEX($H30:$N30,MATCH(LARGE($H30:$N30,1),$H30:$N30,0))+0.3*INDEX($H30:$N30,MATCH(LARGE($H30:$N30,2),$H30:$N30,0))+0.2*INDEX($H30:$N30,MATCH(LARGE($H30:$N30,3),$H30:$N30,0)) -> 160.1 | S30: =0.6*INDEX(O30:Q30,MATCH(LARGE(O30:Q30,1),O30:Q30,0))+0.4*INDEX(O30:Q30,MATCH(LARGE(O30:Q30,2),O30:Q30,0))+0*INDEX(O30:Q30,MATCH(LARGE(O30:Q30,3),O30:Q30,0)) -> 102.6 | T30: =1*INDEX(R30:S30,MATCH(LARGE(R30:S30,1),R30:S30,0))+0*INDEX(R30:S30,MATCH(LARGE(R30:S30,2),R30:S30,0)) -> 160.1
A31: 30 | B31: Elias Reisinger | C31: ASKÖ Traun | D31: WBV | E31: M | F31: 312853 | G31: 2013 | H31: =MAX(IF(ISNA(VLOOKUP(B31,'WBV 1'!$B$3:$C$34,2,FALSE))=TRUE,0,VLOOKUP(B31,'WBV 1'!$B$3:$C$34,2,FALSE)),IF(ISNA(VLOOKUP(B31,'WBV 1'!$F$3:$G$34,2,FALSE))=TRUE,0,VLOOKUP(B31,'WBV 1'!$F$3:$G$34,2,FALSE)),IF(ISNA(VLOOKUP(B31,'WBV 1'!$J$3:$K$34,2,FALSE))=TRUE,0,VLOOKUP(B31,'WBV 1'!$J$3:$K$34,2,FALSE)),IF(ISNA(VLOOKUP(B31,'WBV 1'!$N$3:$O$34,2,FALSE))=TRUE,0,VLOOKUP(B31,'WBV 1'!$N$3:$O$34,2,FALSE))) -> 0 | I31: =MAX(IF(ISNA(VLOOKUP(B31,'WBV 2'!$B$3:$C$34,2,FALSE))=TRUE,0,VLOOKUP(B31,'WBV 2'!$B$3:$C$34,2,FALSE)),IF(ISNA(VLOOKUP(B31,'WBV 2'!$F$3:$G$34,2,FALSE))=TRUE,0,VLOOKUP(B31,'WBV 2'!$F$3:$G$34,2,FALSE)),IF(ISNA(VLOOKUP(B31,'WBV 2'!$J$3:$K$34,2,FALSE))=TRUE,0,VLOOKUP(B31,'WBV 2'!$J$3:$K$34,2,FALSE)),IF(ISNA(VLOOKUP(B31,'WBV 2'!$N$3:$O$34,2,FALSE))=TRUE,0,VLOOKUP(B31,'WBV 2'!$N$3:$O$34,2,FALSE))) -> 0 | J31: =MAX(IF(ISNA(VLOOKUP(B31,'WBV 3'!$B$3:$C$34,2,FALSE))=TRUE,0,VLOOKUP(B31,'WBV 3'!$B$3:$C$34,2,FALSE)),IF(ISNA(VLOOKUP(B31,'WBV 3'!$F$3:$G$34,2,FALSE))=TRUE,0,VLOOKUP(B31,'WBV 3'!$F$3:$G$34,2,FALSE)),IF(ISNA(VLOOKUP(B31,'WBV 3'!$J$3:$K$34,2,FALSE))=TRUE,0,VLOOKUP(B31,'WBV 3'!$J$3:$K$34,2,FALSE)),IF(ISNA(VLOOKUP(B31,'WBV 3'!$N$3:$O$34,2,FALSE))=TRUE,0,VLOOKUP(B31,'WBV 3'!$N$3:$O$34,2,FALSE))) -> 0 | K31: =MAX(IF(ISNA(VLOOKUP(B31,'WBV 4'!$B$3:$C$34,2,FALSE))=TRUE,0,VLOOKUP(B31,'WBV 4'!$B$3:$C$34,2,FALSE)),IF(ISNA(VLOOKUP(B31,'WBV 4'!$F$3:$G$34,2,FALSE))=TRUE,0,VLOOKUP(B31,'WBV 4'!$F$3:$G$34,2,FALSE)),IF(ISNA(VLOOKUP(B31,'WBV 4'!$J$3:$K$34,2,FALSE))=TRUE,0,VLOOKUP(B31,'WBV 4'!$J$3:$K$34,2,FALSE)),IF(ISNA(VLOOKUP(B31,'WBV 4'!$N$3:$O$34,2,FALSE))=TRUE,0,VLOOKUP(B31,'WBV 4'!$N$3:$O$34,2,FALSE))) -> 0 | L31: =MAX(IF(ISNA(VLOOKUP(B31,'NÖBV 1'!$B$3:$C$34,2,FALSE))=TRUE,0,VLOOKUP(B31,'NÖBV 1'!$B$3:$C$34,2,FALSE)),IF(ISNA(VLOOKUP(B31,'NÖBV 1'!$F$3:$G$34,2,FALSE))=TRUE,0,VLOOKUP(B31,'NÖBV 1'!$F$3:$G$34,2,FALSE)),IF(ISNA(VLOOKUP(B31,'NÖBV 1'!$J$3:$K$34,2,FALSE))=TRUE,0,VLOOKUP(B31,'NÖBV 1'!$J$3:$K$34,2,FALSE)),IF(ISNA(VLOOKUP(B31,'NÖBV 1'!$N$3:$O$34,2,FALSE))=TRUE,0,VLOOKUP(B31,'NÖBV 1'!$N$3:$O$34,2,FALSE))) -> 193 | M31: =MAX(IF(ISNA(VLOOKUP(B31,'NÖBV 2'!$B$3:$C$34,2,FALSE))=TRUE,0,VLOOKUP(B31,'NÖBV 2'!$B$3:$C$34,2,FALSE)),IF(ISNA(VLOOKUP(B31,'NÖBV 2'!$F$3:$G$34,2,FALSE))=TRUE,0,VLOOKUP(B31,'NÖBV 2'!$F$3:$G$34,2,FALSE)),IF(ISNA(VLOOKUP(B31,'NÖBV 2'!$J$3:$K$34,2,FALSE))=TRUE,0,VLOOKUP(B31,'NÖBV 2'!$J$3:$K$34,2,FALSE)),IF(ISNA(VLOOKUP(B31,'NÖBV 2'!$N$3:$O$34,2,FALSE))=TRUE,0,VLOOKUP(B31,'NÖBV 2'!$N$3:$O$34,2,FALSE))) -> 0 | N31: =MAX(IF(ISNA(VLOOKUP(B31,'NÖBV 3'!$B$3:$C$34,2,FALSE))=TRUE,0,VLOOKUP(B31,'NÖBV 3'!$B$3:$C$34,2,FALSE)),IF(ISNA(VLOOKUP(B31,'NÖBV 3'!$F$3:$G$34,2,FALSE))=TRUE,0,VLOOKUP(B31,'NÖBV 3'!$F$3:$G$34,2,FALSE)),IF(ISNA(VLOOKUP(B31,'NÖBV 3'!$J$3:$K$34,2,FALSE))=TRUE,0,VLOOKUP(B31,'NÖBV 3'!$J$3:$K$34,2,FALSE)),IF(ISNA(VLOOKUP(B31,'NÖBV 3'!$N$3:$O$34,2,FALSE))=TRUE,0,VLOOKUP(B31,'NÖBV 3'!$N$3:$O$34,2,FALSE))) -> 198 | O31: =MAX(IF(ISNA(VLOOKUP(B31,'Regioturnier 1'!$B$3:$C$34,2,FALSE))=TRUE,0,VLOOKUP(B31,'Regioturnier 1'!$B$3:$C$34,2,FALSE)),IF(ISNA(VLOOKUP(B31,'Regioturnier 1'!$F$3:$G$34,2,FALSE))=TRUE,0,VLOOKUP(B31,'Regioturnier 1'!$F$3:$G$34,2,FALSE)),IF(ISNA(VLOOKUP(B31,'Regioturnier 1'!$J$3:$K$34,2,FALSE))=TRUE,0,VLOOKUP(B31,'Regioturnier 1'!$J$3:$K$34,2,FALSE)),IF(ISNA(VLOOKUP(B31,'Regioturnier 1'!$N$3:$O$34,2,FALSE))=TRUE,0,VLOOKUP(B31,'Regioturnier 1'!$N$3:$O$34,2,FALSE)),IF(ISNA(VLOOKUP(B31,'Regioturnier 1'!$R$3:$S$34,2,FALSE))=TRUE,0,VLOOKUP(B31,'Regioturnier 1'!$R$3:$S$34,2,FALSE)), IF(ISNA(VLOOKUP(B31,'Regioturnier 1'!$V$3:$W$34,2,FALSE))=TRUE,0,VLOOKUP(B31,'Regioturnier 1'!$V$3:$W$34,2,FALSE)), IF(ISNA(VLOOKUP(B31,'Regioturnier 1'!$Z$3:$AA$34,2,FALSE))=TRUE,0,VLOOKUP(B31,'Regioturnier 1'!$Z$3:$AA$34,2,FALSE))) -> 204 | P31: =MAX(IF(ISNA(VLOOKUP(B31,'Regioturnier 2'!$B$3:$C$34,2,FALSE))=TRUE,0,VLOOKUP(B31,'Regioturnier 2'!$B$3:$C$34,2,FALSE)),IF(ISNA(VLOOKUP(B31,'Regioturnier 2'!$F$3:$G$34,2,FALSE))=TRUE,0,VLOOKUP(B31,'Regioturnier 2'!$F$3:$G$34,2,FALSE)),IF(ISNA(VLOOKUP(B31,'Regioturnier 2'!$J$3:$K$34,2,FALSE))=TRUE,0,VLOOKUP(B31,'Regioturnier 2'!$J$3:$K$34,2,FALSE)),IF(ISNA(VLOOKUP(B31,'Regioturnier 2'!$N$3:$O$34,2,FALSE))=TRUE,0,VLOOKUP(B31,'Regioturnier 2'!$N$3:$O$34,2,FALSE)),IF(ISNA(VLOOKUP(B31,'Regioturnier 2'!$R$3:$S$34,2,FALSE))=TRUE,0,VLOOKUP(B31,'Regioturnier 2'!$R$3:$S$34,2,FALSE)), IF(ISNA(VLOOKUP(B31,'Regioturnier 2'!$V$3:$W$34,2,FALSE))=TRUE,0,VLOOKUP(B31,'Regioturnier 2'!$V$3:$W$34,2,FALSE)), IF(ISNA(VLOOKUP(B31,'Regioturnier 2'!$Z$3:$AA$34,2,FALSE))=TRUE,0,VLOOKUP(B31,'Regioturnier 2'!$Z$3:$AA$34,2,FALSE))) -> 0 | Q31: =MAX(IF(ISNA(VLOOKUP(B31,'Regioturnier 3'!$B$3:$C$34,2,FALSE))=TRUE,0,VLOOKUP(B31,'Regioturnier 3'!$B$3:$C$34,2,FALSE)),IF(ISNA(VLOOKUP(B31,'Regioturnier 3'!$F$3:$G$34,2,FALSE))=TRUE,0,VLOOKUP(B31,'Regioturnier 3'!$F$3:$G$34,2,FALSE)),IF(ISNA(VLOOKUP(B31,'Regioturnier 3'!$J$3:$K$34,2,FALSE))=TRUE,0,VLOOKUP(B31,'Regioturnier 3'!$J$3:$K$34,2,FALSE)),IF(ISNA(VLOOKUP(B31,'Regioturnier 3'!$N$3:$O$34,2,FALSE))=TRUE,0,VLOOKUP(B31,'Regioturnier 3'!$N$3:$O$34,2,FALSE)),IF(ISNA(VLOOKUP(B31,'Regioturnier 3'!$R$3:$S$34,2,FALSE))=TRUE,0,VLOOKUP(B31,'Regioturnier 3'!$R$3:$S$34,2,FALSE)), IF(ISNA(VLOOKUP(B31,'Regioturnier 3'!$V$3:$W$34,2,FALSE))=TRUE,0,VLOOKUP(B31,'Regioturnier 3'!$V$3:$W$34,2,FALSE)), IF(ISNA(VLOOKUP(B31,'Regioturnier 3'!$Z$3:$AA$34,2,FALSE))=TRUE,0,VLOOKUP(B31,'Regioturnier 3'!$Z$3:$AA$34,2,FALSE))) -> 0 | R31: =0.5*INDEX($H31:$N31,MATCH(LARGE($H31:$N31,1),$H31:$N31,0))+0.3*INDEX($H31:$N31,MATCH(LARGE($H31:$N31,2),$H31:$N31,0))+0.2*INDEX($H31:$N31,MATCH(LARGE($H31:$N31,3),$H31:$N31,0)) -> 156.9 | S31: =0.6*INDEX(O31:Q31,MATCH(LARGE(O31:Q31,1),O31:Q31,0))+0.4*INDEX(O31:Q31,MATCH(LARGE(O31:Q31,2),O31:Q31,0))+0*INDEX(O31:Q31,MATCH(LARGE(O31:Q31,3),O31:Q31,0)) -> 122.4 | T31: =1*INDEX(R31:S31,MATCH(LARGE(R31:S31,1),R31:S31,0))+0*INDEX(R31:S31,MATCH(LARGE(R31:S31,2),R31:S31,0)) -> 156.9
A32: 31 | B32: Terrence Chen | C32: BC Wienerberg | D32: WBV | E32: M | F32: 109707 | G32: 2013 | H32: =MAX(IF(ISNA(VLOOKUP(B32,'WBV 1'!$B$3:$C$34,2,FALSE))=TRUE,0,VLOOKUP(B32,'WBV 1'!$B$3:$C$34,2,FALSE)),IF(ISNA(VLOOKUP(B32,'WBV 1'!$F$3:$G$34,2,FALSE))=TRUE,0,VLOOKUP(B32,'WBV 1'!$F$3:$G$34,2,FALSE)),IF(ISNA(VLOOKUP(B32,'WBV 1'!$J$3:$K$34,2,FALSE))=TRUE,0,VLOOKUP(B32,'WBV 1'!$J$3:$K$34,2,FALSE)),IF(ISNA(VLOOKUP(B32,'WBV 1'!$N$3:$O$34,2,FALSE))=TRUE,0,VLOOKUP(B32,'WBV 1'!$N$3:$O$34,2,FALSE))) -> 0 | I32: =MAX(IF(ISNA(VLOOKUP(B32,'WBV 2'!$B$3:$C$34,2,FALSE))=TRUE,0,VLOOKUP(B32,'WBV 2'!$B$3:$C$34,2,FALSE)),IF(ISNA(VLOOKUP(B32,'WBV 2'!$F$3:$G$34,2,FALSE))=TRUE,0,VLOOKUP(B32,'WBV 2'!$F$3:$G$34,2,FALSE)),IF(ISNA(VLOOKUP(B32,'WBV 2'!$J$3:$K$34,2,FALSE))=TRUE,0,VLOOKUP(B32,'WBV 2'!$J$3:$K$34,2,FALSE)),IF(ISNA(VLOOKUP(B32,'WBV 2'!$N$3:$O$34,2,FALSE))=TRUE,0,VLOOKUP(B32,'WBV 2'!$N$3:$O$34,2,FALSE))) -> 191 | J32: =MAX(IF(ISNA(VLOOKUP(B32,'WBV 3'!$B$3:$C$34,2,FALSE))=TRUE,0,VLOOKUP(B32,'WBV 3'!$B$3:$C$34,2,FALSE)),IF(ISNA(VLOOKUP(B32,'WBV 3'!$F$3:$G$34,2,FALSE))=TRUE,0,VLOOKUP(B32,'WBV 3'!$F$3:$G$34,2,FALSE)),IF(ISNA(VLOOKUP(B32,'WBV 3'!$J$3:$K$34,2,FALSE))=TRUE,0,VLOOKUP(B32,'WBV 3'!$J$3:$K$34,2,FALSE)),IF(ISNA(VLOOKUP(B32,'WBV 3'!$N$3:$O$34,2,FALSE))=TRUE,0,VLOOKUP(B32,'WBV 3'!$N$3:$O$34,2,FALSE))) -> 0 | K32: =MAX(IF(ISNA(VLOOKUP(B32,'WBV 4'!$B$3:$C$34,2,FALSE))=TRUE,0,VLOOKUP(B32,'WBV 4'!$B$3:$C$34,2,FALSE)),IF(ISNA(VLOOKUP(B32,'WBV 4'!$F$3:$G$34,2,FALSE))=TRUE,0,VLOOKUP(B32,'WBV 4'!$F$3:$G$34,2,FALSE)),IF(ISNA(VLOOKUP(B32,'WBV 4'!$J$3:$K$34,2,FALSE))=TRUE,0,VLOOKUP(B32,'WBV 4'!$J$3:$K$34,2,FALSE)),IF(ISNA(VLOOKUP(B32,'WBV 4'!$N$3:$O$34,2,FALSE))=TRUE,0,VLOOKUP(B32,'WBV 4'!$N$3:$O$34,2,FALSE))) -> 0 | L32: =MAX(IF(ISNA(VLOOKUP(B32,'NÖBV 1'!$B$3:$C$34,2,FALSE))=TRUE,0,VLOOKUP(B32,'NÖBV 1'!$B$3:$C$34,2,FALSE)),IF(ISNA(VLOOKUP(B32,'NÖBV 1'!$F$3:$G$34,2,FALSE))=TRUE,0,VLOOKUP(B32,'NÖBV 1'!$F$3:$G$34,2,FALSE)),IF(ISNA(VLOOKUP(B32,'NÖBV 1'!$J$3:$K$34,2,FALSE))=TRUE,0,VLOOKUP(B32,'NÖBV 1'!$J$3:$K$34,2,FALSE)),IF(ISNA(VLOOKUP(B32,'NÖBV 1'!$N$3:$O$34,2,FALSE))=TRUE,0,VLOOKUP(B32,'NÖBV 1'!$N$3:$O$34,2,FALSE))) -> 0 | M32: =MAX(IF(ISNA(VLOOKUP(B32,'NÖBV 2'!$B$3:$C$34,2,FALSE))=TRUE,0,VLOOKUP(B32,'NÖBV 2'!$B$3:$C$34,2,FALSE)),IF(ISNA(VLOOKUP(B32,'NÖBV 2'!$F$3:$G$34,2,FALSE))=TRUE,0,VLOOKUP(B32,'NÖBV 2'!$F$3:$G$34,2,FALSE)),IF(ISNA(VLOOKUP(B32,'NÖBV 2'!$J$3:$K$34,2,FALSE))=TRUE,0,VLOOKUP(B32,'NÖBV 2'!$J$3:$K$34,2,FALSE)),IF(ISNA(VLOOKUP(B32,'NÖBV 2'!$N$3:$O$34,2,FALSE))=TRUE,0,VLOOKUP(B32,'NÖBV 2'!$N$3:$O$34,2,FALSE))) -> 0 | N32: =MAX(IF(ISNA(VLOOKUP(B32,'NÖBV 3'!$B$3:$C$34,2,FALSE))=TRUE,0,VLOOKUP(B32,'NÖBV 3'!$B$3:$C$34,2,FALSE)),IF(ISNA(VLOOKUP(B32,'NÖBV 3'!$F$3:$G$34,2,FALSE))=TRUE,0,VLOOKUP(B32,'NÖBV 3'!$F$3:$G$34,2,FALSE)),IF(ISNA(VLOOKUP(B32,'NÖBV 3'!$J$3:$K$34,2,FALSE))=TRUE,0,VLOOKUP(B32,'NÖBV 3'!$J$3:$K$34,2,FALSE)),IF(ISNA(VLOOKUP(B32,'NÖBV 3'!$N$3:$O$34,2,FALSE))=TRUE,0,VLOOKUP(B32,'NÖBV 3'!$N$3:$O$34,2,FALSE))) -> 196 | O32: =MAX(IF(ISNA(VLOOKUP(B32,'Regioturnier 1'!$B$3:$C$34,2,FALSE))=TRUE,0,VLOOKUP(B32,'Regioturnier 1'!$B$3:$C$34,2,FALSE)),IF(ISNA(VLOOKUP(B32,'Regioturnier 1'!$F$3:$G$34,2,FALSE))=TRUE,0,VLOOKUP(B32,'Regioturnier 1'!$F$3:$G$34,2,FALSE)),IF(ISNA(VLOOKUP(B32,'Regioturnier 1'!$J$3:$K$34,2,FALSE))=TRUE,0,VLOOKUP(B32,'Regioturnier 1'!$J$3:$K$34,2,FALSE)),IF(ISNA(VLOOKUP(B32,'Regioturnier 1'!$N$3:$O$34,2,FALSE))=TRUE,0,VLOOKUP(B32,'Regioturnier 1'!$N$3:$O$34,2,FALSE)),IF(ISNA(VLOOKUP(B32,'Regioturnier 1'!$R$3:$S$34,2,FALSE))=TRUE,0,VLOOKUP(B32,'Regioturnier 1'!$R$3:$S$34,2,FALSE)), IF(ISNA(VLOOKUP(B32,'Regioturnier 1'!$V$3:$W$34,2,FALSE))=TRUE,0,VLOOKUP(B32,'Regioturnier 1'!$V$3:$W$34,2,FALSE)), IF(ISNA(VLOOKUP(B32,'Regioturnier 1'!$Z$3:$AA$34,2,FALSE))=TRUE,0,VLOOKUP(B32,'Regioturnier 1'!$Z$3:$AA$34,2,FALSE))) -> 0 | P32: =MAX(IF(ISNA(VLOOKUP(B32,'Regioturnier 2'!$B$3:$C$34,2,FALSE))=TRUE,0,VLOOKUP(B32,'Regioturnier 2'!$B$3:$C$34,2,FALSE)),IF(ISNA(VLOOKUP(B32,'Regioturnier 2'!$F$3:$G$34,2,FALSE))=TRUE,0,VLOOKUP(B32,'Regioturnier 2'!$F$3:$G$34,2,FALSE)),IF(ISNA(VLOOKUP(B32,'Regioturnier 2'!$J$3:$K$34,2,FALSE))=TRUE,0,VLOOKUP(B32,'Regioturnier 2'!$J$3:$K$34,2,FALSE)),IF(ISNA(VLOOKUP(B32,'Regioturnier 2'!$N$3:$O$34,2,FALSE))=TRUE,0,VLOOKUP(B32,'Regioturnier 2'!$N$3:$O$34,2,FALSE)),IF(ISNA(VLOOKUP(B32,'Regioturnier 2'!$R$3:$S$34,2,FALSE))=TRUE,0,VLOOKUP(B32,'Regioturnier 2'!$R$3:$S$34,2,FALSE)), IF(ISNA(VLOOKUP(B32,'Regioturnier 2'!$V$3:$W$34,2,FALSE))=TRUE,0,VLOOKUP(B32,'Regioturnier 2'!$V$3:$W$34,2,FALSE)), IF(ISNA(VLOOKUP(B32,'Regioturnier 2'!$Z$3:$AA$34,2,FALSE))=TRUE,0,VLOOKUP(B32,'Regioturnier 2'!$Z$3:$AA$34,2,FALSE))) -> 0 | Q32: =MAX(IF(ISNA(VLOOKUP(B32,'Regioturnier 3'!$B$3:$C$34,2,FALSE))=TRUE,0,VLOOKUP(B32,'Regioturnier 3'!$B$3:$C$34,2,FALSE)),IF(ISNA(VLOOKUP(B32,'Regioturnier 3'!$F$3:$G$34,2,FALSE))=TRUE,0,VLOOKUP(B32,'Regioturnier 3'!$F$3:$G$34,2,FALSE)),IF(ISNA(VLOOKUP(B32,'Regioturnier 3'!$J$3:$K$34,2,FALSE))=TRUE,0,VLOOKUP(B32,'Regioturnier 3'!$J$3:$K$34,2,FALSE)),IF(ISNA(VLOOKUP(B32,'Regioturnier 3'!$N$3:$O$34,2,FALSE))=TRUE,0,VLOOKUP(B32,'Regioturnier 3'!$N$3:$O$34,2,FALSE)),IF(ISNA(VLOOKUP(B32,'Regioturnier 3'!$R$3:$S$34,2,FALSE))=TRUE,0,VLOOKUP(B32,'Regioturnier 3'!$R$3:$S$34,2,FALSE)), IF(ISNA(VLOOKUP(B32,'Regioturnier 3'!$V$3:$W$34,2,FALSE))=TRUE,0,VLOOKUP(B32,'Regioturnier 3'!$V$3:$W$34,2,FALSE)), IF(ISNA(VLOOKUP(B32,'Regioturnier 3'!$Z$3:$AA$34,2,FALSE))=TRUE,0,VLOOKUP(B32,'Regioturnier 3'!$Z$3:$AA$34,2,FALSE))) -> 0 | R32: =0.5*INDEX($H32:$N32,MATCH(LARGE($H32:$N32,1),$H32:$N32,0))+0.3*INDEX($H32:$N32,MATCH(LARGE($H32:$N32,2),$H32:$N32,0))+0.2*INDEX($H32:$N32,MATCH(LARGE($H32:$N32,3),$H32:$N32,0)) -> 155.3 | S32: =0.6*INDEX(O32:Q32,MATCH(LARGE(O32:Q32,1),O32:Q32,0))+0.4*INDEX(O32:Q32,MATCH(LARGE(O32:Q32,2),O32:Q32,0))+0*INDEX(O32:Q32,MATCH(LARGE(O32:Q32,3),O32:Q32,0)) -> 0 | T32: =1*INDEX(R32:S32,MATCH(LARGE(R32:S32,1),R32:S32,0))+0*INDEX(R32:S32,MATCH(LARGE(R32:S32,2),R32:S32,0)) -> 155.3
A33: 32 | B33: Tobias Quiroga | C33: WAT Simmering | D33: WBV | E33: M | F33: 109507 | G33: 2013 | H33: =MAX(IF(ISNA(VLOOKUP(B33,'WBV 1'!$B$3:$C$34,2,FALSE))=TRUE,0,VLOOKUP(B33,'WBV 1'!$B$3:$C$34,2,FALSE)),IF(ISNA(VLOOKUP(B33,'WBV 1'!$F$3:$G$34,2,FALSE))=TRUE,0,VLOOKUP(B33,'WBV 1'!$F$3:$G$34,2,FALSE)),IF(ISNA(VLOOKUP(B33,'WBV 1'!$J$3:$K$34,2,FALSE))=TRUE,0,VLOOKUP(B33,'WBV 1'!$J$3:$K$34,2,FALSE)),IF(ISNA(VLOOKUP(B33,'WBV 1'!$N$3:$O$34,2,FALSE))=TRUE,0,VLOOKUP(B33,'WBV 1'!$N$3:$O$34,2,FALSE))) -> 0 | I33: =MAX(IF(ISNA(VLOOKUP(B33,'WBV 2'!$B$3:$C$34,2,FALSE))=TRUE,0,VLOOKUP(B33,'WBV 2'!$B$3:$C$34,2,FALSE)),IF(ISNA(VLOOKUP(B33,'WBV 2'!$F$3:$G$34,2,FALSE))=TRUE,0,VLOOKUP(B33,'WBV 2'!$F$3:$G$34,2,FALSE)),IF(ISNA(VLOOKUP(B33,'WBV 2'!$J$3:$K$34,2,FALSE))=TRUE,0,VLOOKUP(B33,'WBV 2'!$J$3:$K$34,2,FALSE)),IF(ISNA(VLOOKUP(B33,'WBV 2'!$N$3:$O$34,2,FALSE))=TRUE,0,VLOOKUP(B33,'WBV 2'!$N$3:$O$34,2,FALSE))) -> 0 | J33: =MAX(IF(ISNA(VLOOKUP(B33,'WBV 3'!$B$3:$C$34,2,FALSE))=TRUE,0,VLOOKUP(B33,'WBV 3'!$B$3:$C$34,2,FALSE)),IF(ISNA(VLOOKUP(B33,'WBV 3'!$F$3:$G$34,2,FALSE))=TRUE,0,VLOOKUP(B33,'WBV 3'!$F$3:$G$34,2,FALSE)),IF(ISNA(VLOOKUP(B33,'WBV 3'!$J$3:$K$34,2,FALSE))=TRUE,0,VLOOKUP(B33,'WBV 3'!$J$3:$K$34,2,FALSE)),IF(ISNA(VLOOKUP(B33,'WBV 3'!$N$3:$O$34,2,FALSE))=TRUE,0,VLOOKUP(B33,'WBV 3'!$N$3:$O$34,2,FALSE))) -> 0 | K33: =MAX(IF(ISNA(VLOOKUP(B33,'WBV 4'!$B$3:$C$34,2,FALSE))=TRUE,0,VLOOKUP(B33,'WBV 4'!$B$3:$C$34,2,FALSE)),IF(ISNA(VLOOKUP(B33,'WBV 4'!$F$3:$G$34,2,FALSE))=TRUE,0,VLOOKUP(B33,'WBV 4'!$F$3:$G$34,2,FALSE)),IF(ISNA(VLOOKUP(B33,'WBV 4'!$J$3:$K$34,2,FALSE))=TRUE,0,VLOOKUP(B33,'WBV 4'!$J$3:$K$34,2,FALSE)),IF(ISNA(VLOOKUP(B33,'WBV 4'!$N$3:$O$34,2,FALSE))=TRUE,0,VLOOKUP(B33,'WBV 4'!$N$3:$O$34,2,FALSE))) -> 0 | L33: =MAX(IF(ISNA(VLOOKUP(B33,'NÖBV 1'!$B$3:$C$34,2,FALSE))=TRUE,0,VLOOKUP(B33,'NÖBV 1'!$B$3:$C$34,2,FALSE)),IF(ISNA(VLOOKUP(B33,'NÖBV 1'!$F$3:$G$34,2,FALSE))=TRUE,0,VLOOKUP(B33,'NÖBV 1'!$F$3:$G$34,2,FALSE)),IF(ISNA(VLOOKUP(B33,'NÖBV 1'!$J$3:$K$34,2,FALSE))=TRUE,0,VLOOKUP(B33,'NÖBV 1'!$J$3:$K$34,2,FALSE)),IF(ISNA(VLOOKUP(B33,'NÖBV 1'!$N$3:$O$34,2,FALSE))=TRUE,0,VLOOKUP(B33,'NÖBV 1'!$N$3:$O$34,2,FALSE))) -> 196 | M33: =MAX(IF(ISNA(VLOOKUP(B33,'NÖBV 2'!$B$3:$C$34,2,FALSE))=TRUE,0,VLOOKUP(B33,'NÖBV 2'!$B$3:$C$34,2,FALSE)),IF(ISNA(VLOOKUP(B33,'NÖBV 2'!$F$3:$G$34,2,FALSE))=TRUE,0,VLOOKUP(B33,'NÖBV 2'!$F$3:$G$34,2,FALSE)),IF(ISNA(VLOOKUP(B33,'NÖBV 2'!$J$3:$K$34,2,FALSE))=TRUE,0,VLOOKUP(B33,'NÖBV 2'!$J$3:$K$34,2,FALSE)),IF(ISNA(VLOOKUP(B33,'NÖBV 2'!$N$3:$O$34,2,FALSE))=TRUE,0,VLOOKUP(B33,'NÖBV 2'!$N$3:$O$34,2,FALSE))) -> 190 | N33: =MAX(IF(ISNA(VLOOKUP(B33,'NÖBV 3'!$B$3:$C$34,2,FALSE))=TRUE,0,VLOOKUP(B33,'NÖBV 3'!$B$3:$C$34,2,FALSE)),IF(ISNA(VLOOKUP(B33,'NÖBV 3'!$F$3:$G$34,2,FALSE))=TRUE,0,VLOOKUP(B33,'NÖBV 3'!$F$3:$G$34,2,FALSE)),IF(ISNA(VLOOKUP(B33,'NÖBV 3'!$J$3:$K$34,2,FALSE))=TRUE,0,VLOOKUP(B33,'NÖBV 3'!$J$3:$K$34,2,FALSE)),IF(ISNA(VLOOKUP(B33,'NÖBV 3'!$N$3:$O$34,2,FALSE))=TRUE,0,VLOOKUP(B33,'NÖBV 3'!$N$3:$O$34,2,FALSE))) -> 0 | O33: =MAX(IF(ISNA(VLOOKUP(B33,'Regioturnier 1'!$B$3:$C$34,2,FALSE))=TRUE,0,VLOOKUP(B33,'Regioturnier 1'!$B$3:$C$34,2,FALSE)),IF(ISNA(VLOOKUP(B33,'Regioturnier 1'!$F$3:$G$34,2,FALSE))=TRUE,0,VLOOKUP(B33,'Regioturnier 1'!$F$3:$G$34,2,FALSE)),IF(ISNA(VLOOKUP(B33,'Regioturnier 1'!$J$3:$K$34,2,FALSE))=TRUE,0,VLOOKUP(B33,'Regioturnier 1'!$J$3:$K$34,2,FALSE)),IF(ISNA(VLOOKUP(B33,'Regioturnier 1'!$N$3:$O$34,2,FALSE))=TRUE,0,VLOOKUP(B33,'Regioturnier 1'!$N$3:$O$34,2,FALSE)),IF(ISNA(VLOOKUP(B33,'Regioturnier 1'!$R$3:$S$34,2,FALSE))=TRUE,0,VLOOKUP(B33,'Regioturnier 1'!$R$3:$S$34,2,FALSE)), IF(ISNA(VLOOKUP(B33,'Regioturnier 1'!$V$3:$W$34,2,FALSE))=TRUE,0,VLOOKUP(B33,'Regioturnier 1'!$V$3:$W$34,2,FALSE)), IF(ISNA(VLOOKUP(B33,'Regioturnier 1'!$Z$3:$AA$34,2,FALSE))=TRUE,0,VLOOKUP(B33,'Regioturnier 1'!$Z$3:$AA$34,2,FALSE))) -> 0 | P33: =MAX(IF(ISNA(VLOOKUP(B33,'Regioturnier 2'!$B$3:$C$34,2,FALSE))=TRUE,0,VLOOKUP(B33,'Regioturnier 2'!$B$3:$C$34,2,FALSE)),IF(ISNA(VLOOKUP(B33,'Regioturnier 2'!$F$3:$G$34,2,FALSE))=TRUE,0,VLOOKUP(B33,'Regioturnier 2'!$F$3:$G$34,2,FALSE)),IF(ISNA(VLOOKUP(B33,'Regioturnier 2'!$J$3:$K$34,2,FALSE))=TRUE,0,VLOOKUP(B33,'Regioturnier 2'!$J$3:$K$34,2,FALSE)),IF(ISNA(VLOOKUP(B33,'Regioturnier 2'!$N$3:$O$34,2,FALSE))=TRUE,0,VLOOKUP(B33,'Regioturnier 2'!$N$3:$O$34,2,FALSE)),IF(ISNA(VLOOKUP(B33,'Regioturnier 2'!$R$3:$S$34,2,FALSE))=TRUE,0,VLOOKUP(B33,'Regioturnier 2'!$R$3:$S$34,2,FALSE)), IF(ISNA(VLOOKUP(B33,'Regioturnier 2'!$V$3:$W$34,2,FALSE))=TRUE,0,VLOOKUP(B33,'Regioturnier 2'!$V$3:$W$34,2,FALSE)), IF(ISNA(VLOOKUP(B33,'Regioturnier 2'!$Z$3:$AA$34,2,FALSE))=TRUE,0,VLOOKUP(B33,'Regioturnier 2'!$Z$3:$AA$34,2,FALSE))) -> 206 | Q33: =MAX(IF(ISNA(VLOOKUP(B33,'Regioturnier 3'!$B$3:$C$34,2,FALSE))=TRUE,0,VLOOKUP(B33,'Regioturnier 3'!$B$3:$C$34,2,FALSE)),IF(ISNA(VLOOKUP(B33,'Regioturnier 3'!$F$3:$G$34,2,FALSE))=TRUE,0,VLOOKUP(B33,'Regioturnier 3'!$F$3:$G$34,2,FALSE)),IF(ISNA(VLOOKUP(B33,'Regioturnier 3'!$J$3:$K$34,2,FALSE))=TRUE,0,VLOOKUP(B33,'Regioturnier 3'!$J$3:$K$34,2,FALSE)),IF(ISNA(VLOOKUP(B33,'Regioturnier 3'!$N$3:$O$34,2,FALSE))=TRUE,0,VLOOKUP(B33,'Regioturnier 3'!$N$3:$O$34,2,FALSE)),IF(ISNA(VLOOKUP(B33,'Regioturnier 3'!$R$3:$S$34,2,FALSE))=TRUE,0,VLOOKUP(B33,'Regioturnier 3'!$R$3:$S$34,2,FALSE)), IF(ISNA(VLOOKUP(B33,'Regioturnier 3'!$V$3:$W$34,2,FALSE))=TRUE,0,VLOOKUP(B33,'Regioturnier 3'!$V$3:$W$34,2,FALSE)), IF(ISNA(VLOOKUP(B33,'Regioturnier 3'!$Z$3:$AA$34,2,FALSE))=TRUE,0,VLOOKUP(B33,'Regioturnier 3'!$Z$3:$AA$34,2,FALSE))) -> 0 | R33: =0.5*INDEX($H33:$N33,MATCH(LARGE($H33:$N33,1),$H33:$N33,0))+0.3*INDEX($H33:$N33,MATCH(LARGE($H33:$N33,2),$H33:$N33,0))+0.2*INDEX($H33:$N33,MATCH(LARGE($H33:$N33,3),$H33:$N33,0)) -> 155 | S33: =0.6*INDEX(O33:Q33,MATCH(LARGE(O33:Q33,1),O33:Q33,0))+0.4*INDEX(O33:Q33,MATCH(LARGE(O33:Q33,2),O33:Q33,0))+0*INDEX(O33:Q33,MATCH(LARGE(O33:Q33,3),O33:Q33,0)) -> 123.6 | T33: =1*INDEX(R33:S33,MATCH(LARGE(R33:S33,1),R33:S33,0))+0*INDEX(R33:S33,MATCH(LARGE(R33:S33,2),R33:S33,0)) -> 155
A34: 33 | B34: Anja Reisinger | C34: ASKÖ Traun | D34: OÖBV | E34: W | F34: 312834 | G34: 2012 | H34: =MAX(IF(ISNA(VLOOKUP(B34,'WBV 1'!$B$3:$C$34,2,FALSE))=TRUE,0,VLOOKUP(B34,'WBV 1'!$B$3:$C$34,2,FALSE)),IF(ISNA(VLOOKUP(B34,'WBV 1'!$F$3:$G$34,2,FALSE))=TRUE,0,VLOOKUP(B34,'WBV 1'!$F$3:$G$34,2,FALSE)),IF(ISNA(VLOOKUP(B34,'WBV 1'!$J$3:$K$34,2,FALSE))=TRUE,0,VLOOKUP(B34,'WBV 1'!$J$3:$K$34,2,FALSE)),IF(ISNA(VLOOKUP(B34,'WBV 1'!$N$3:$O$34,2,FALSE))=TRUE,0,VLOOKUP(B34,'WBV 1'!$N$3:$O$34,2,FALSE))) -> 0 | I34: =MAX(IF(ISNA(VLOOKUP(B34,'WBV 2'!$B$3:$C$34,2,FALSE))=TRUE,0,VLOOKUP(B34,'WBV 2'!$B$3:$C$34,2,FALSE)),IF(ISNA(VLOOKUP(B34,'WBV 2'!$F$3:$G$34,2,FALSE))=TRUE,0,VLOOKUP(B34,'WBV 2'!$F$3:$G$34,2,FALSE)),IF(ISNA(VLOOKUP(B34,'WBV 2'!$J$3:$K$34,2,FALSE))=TRUE,0,VLOOKUP(B34,'WBV 2'!$J$3:$K$34,2,FALSE)),IF(ISNA(VLOOKUP(B34,'WBV 2'!$N$3:$O$34,2,FALSE))=TRUE,0,VLOOKUP(B34,'WBV 2'!$N$3:$O$34,2,FALSE))) -> 0 | J34: =MAX(IF(ISNA(VLOOKUP(B34,'WBV 3'!$B$3:$C$34,2,FALSE))=TRUE,0,VLOOKUP(B34,'WBV 3'!$B$3:$C$34,2,FALSE)),IF(ISNA(VLOOKUP(B34,'WBV 3'!$F$3:$G$34,2,FALSE))=TRUE,0,VLOOKUP(B34,'WBV 3'!$F$3:$G$34,2,FALSE)),IF(ISNA(VLOOKUP(B34,'WBV 3'!$J$3:$K$34,2,FALSE))=TRUE,0,VLOOKUP(B34,'WBV 3'!$J$3:$K$34,2,FALSE)),IF(ISNA(VLOOKUP(B34,'WBV 3'!$N$3:$O$34,2,FALSE))=TRUE,0,VLOOKUP(B34,'WBV 3'!$N$3:$O$34,2,FALSE))) -> 0 | K34: =MAX(IF(ISNA(VLOOKUP(B34,'WBV 4'!$B$3:$C$34,2,FALSE))=TRUE,0,VLOOKUP(B34,'WBV 4'!$B$3:$C$34,2,FALSE)),IF(ISNA(VLOOKUP(B34,'WBV 4'!$F$3:$G$34,2,FALSE))=TRUE,0,VLOOKUP(B34,'WBV 4'!$F$3:$G$34,2,FALSE)),IF(ISNA(VLOOKUP(B34,'WBV 4'!$J$3:$K$34,2,FALSE))=TRUE,0,VLOOKUP(B34,'WBV 4'!$J$3:$K$34,2,FALSE)),IF(ISNA(VLOOKUP(B34,'WBV 4'!$N$3:$O$34,2,FALSE))=TRUE,0,VLOOKUP(B34,'WBV 4'!$N$3:$O$34,2,FALSE))) -> 0 | L34: =MAX(IF(ISNA(VLOOKUP(B34,'NÖBV 1'!$B$3:$C$34,2,FALSE))=TRUE,0,VLOOKUP(B34,'NÖBV 1'!$B$3:$C$34,2,FALSE)),IF(ISNA(VLOOKUP(B34,'NÖBV 1'!$F$3:$G$34,2,FALSE))=TRUE,0,VLOOKUP(B34,'NÖBV 1'!$F$3:$G$34,2,FALSE)),IF(ISNA(VLOOKUP(B34,'NÖBV 1'!$J$3:$K$34,2,FALSE))=TRUE,0,VLOOKUP(B34,'NÖBV 1'!$J$3:$K$34,2,FALSE)),IF(ISNA(VLOOKUP(B34,'NÖBV 1'!$N$3:$O$34,2,FALSE))=TRUE,0,VLOOKUP(B34,'NÖBV 1'!$N$3:$O$34,2,FALSE))) -> 191 | M34: =MAX(IF(ISNA(VLOOKUP(B34,'NÖBV 2'!$B$3:$C$34,2,FALSE))=TRUE,0,VLOOKUP(B34,'NÖBV 2'!$B$3:$C$34,2,FALSE)),IF(ISNA(VLOOKUP(B34,'NÖBV 2'!$F$3:$G$34,2,FALSE))=TRUE,0,VLOOKUP(B34,'NÖBV 2'!$F$3:$G$34,2,FALSE)),IF(ISNA(VLOOKUP(B34,'NÖBV 2'!$J$3:$K$34,2,FALSE))=TRUE,0,VLOOKUP(B34,'NÖBV 2'!$J$3:$K$34,2,FALSE)),IF(ISNA(VLOOKUP(B34,'NÖBV 2'!$N$3:$O$34,2,FALSE))=TRUE,0,VLOOKUP(B34,'NÖBV 2'!$N$3:$O$34,2,FALSE))) -> 0 | N34: =MAX(IF(ISNA(VLOOKUP(B34,'NÖBV 3'!$B$3:$C$34,2,FALSE))=TRUE,0,VLOOKUP(B34,'NÖBV 3'!$B$3:$C$34,2,FALSE)),IF(ISNA(VLOOKUP(B34,'NÖBV 3'!$F$3:$G$34,2,FALSE))=TRUE,0,VLOOKUP(B34,'NÖBV 3'!$F$3:$G$34,2,FALSE)),IF(ISNA(VLOOKUP(B34,'NÖBV 3'!$J$3:$K$34,2,FALSE))=TRUE,0,VLOOKUP(B34,'NÖBV 3'!$J$3:$K$34,2,FALSE)),IF(ISNA(VLOOKUP(B34,'NÖBV 3'!$N$3:$O$34,2,FALSE))=TRUE,0,VLOOKUP(B34,'NÖBV 3'!$N$3:$O$34,2,FALSE))) -> 195 | O34: =MAX(IF(ISNA(VLOOKUP(B34,'Regioturnier 1'!$B$3:$C$34,2,FALSE))=TRUE,0,VLOOKUP(B34,'Regioturnier 1'!$B$3:$C$34,2,FALSE)),IF(ISNA(VLOOKUP(B34,'Regioturnier 1'!$F$3:$G$34,2,FALSE))=TRUE,0,VLOOKUP(B34,'Regioturnier 1'!$F$3:$G$34,2,FALSE)),IF(ISNA(VLOOKUP(B34,'Regioturnier 1'!$J$3:$K$34,2,FALSE))=TRUE,0,VLOOKUP(B34,'Regioturnier 1'!$J$3:$K$34,2,FALSE)),IF(ISNA(VLOOKUP(B34,'Regioturnier 1'!$N$3:$O$34,2,FALSE))=TRUE,0,VLOOKUP(B34,'Regioturnier 1'!$N$3:$O$34,2,FALSE)),IF(ISNA(VLOOKUP(B34,'Regioturnier 1'!$R$3:$S$34,2,FALSE))=TRUE,0,VLOOKUP(B34,'Regioturnier 1'!$R$3:$S$34,2,FALSE)), IF(ISNA(VLOOKUP(B34,'Regioturnier 1'!$V$3:$W$34,2,FALSE))=TRUE,0,VLOOKUP(B34,'Regioturnier 1'!$V$3:$W$34,2,FALSE)), IF(ISNA(VLOOKUP(B34,'Regioturnier 1'!$Z$3:$AA$34,2,FALSE))=TRUE,0,VLOOKUP(B34,'Regioturnier 1'!$Z$3:$AA$34,2,FALSE))) -> 190 | P34: =MAX(IF(ISNA(VLOOKUP(B34,'Regioturnier 2'!$B$3:$C$34,2,FALSE))=TRUE,0,VLOOKUP(B34,'Regioturnier 2'!$B$3:$C$34,2,FALSE)),IF(ISNA(VLOOKUP(B34,'Regioturnier 2'!$F$3:$G$34,2,FALSE))=TRUE,0,VLOOKUP(B34,'Regioturnier 2'!$F$3:$G$34,2,FALSE)),IF(ISNA(VLOOKUP(B34,'Regioturnier 2'!$J$3:$K$34,2,FALSE))=TRUE,0,VLOOKUP(B34,'Regioturnier 2'!$J$3:$K$34,2,FALSE)),IF(ISNA(VLOOKUP(B34,'Regioturnier 2'!$N$3:$O$34,2,FALSE))=TRUE,0,VLOOKUP(B34,'Regioturnier 2'!$N$3:$O$34,2,FALSE)),IF(ISNA(VLOOKUP(B34,'Regioturnier 2'!$R$3:$S$34,2,FALSE))=TRUE,0,VLOOKUP(B34,'Regioturnier 2'!$R$3:$S$34,2,FALSE)), IF(ISNA(VLOOKUP(B34,'Regioturnier 2'!$V$3:$W$34,2,FALSE))=TRUE,0,VLOOKUP(B34,'Regioturnier 2'!$V$3:$W$34,2,FALSE)), IF(ISNA(VLOOKUP(B34,'Regioturnier 2'!$Z$3:$AA$34,2,FALSE))=TRUE,0,VLOOKUP(B34,'Regioturnier 2'!$Z$3:$AA$34,2,FALSE))) -> 0 | Q34: =MAX(IF(ISNA(VLOOKUP(B34,'Regioturnier 3'!$B$3:$C$34,2,FALSE))=TRUE,0,VLOOKUP(B34,'Regioturnier 3'!$B$3:$C$34,2,FALSE)),IF(ISNA(VLOOKUP(B34,'Regioturnier 3'!$F$3:$G$34,2,FALSE))=TRUE,0,VLOOKUP(B34,'Regioturnier 3'!$F$3:$G$34,2,FALSE)),IF(ISNA(VLOOKUP(B34,'Regioturnier 3'!$J$3:$K$34,2,FALSE))=TRUE,0,VLOOKUP(B34,'Regioturnier 3'!$J$3:$K$34,2,FALSE)),IF(ISNA(VLOOKUP(B34,'Regioturnier 3'!$N$3:$O$34,2,FALSE))=TRUE,0,VLOOKUP(B34,'Regioturnier 3'!$N$3:$O$34,2,FALSE)),IF(ISNA(VLOOKUP(B34,'Regioturnier 3'!$R$3:$S$34,2,FALSE))=TRUE,0,VLOOKUP(B34,'Regioturnier 3'!$R$3:$S$34,2,FALSE)), IF(ISNA(VLOOKUP(B34,'Regioturnier 3'!$V$3:$W$34,2,FALSE))=TRUE,0,VLOOKUP(B34,'Regioturnier 3'!$V$3:$W$34,2,FALSE)), IF(ISNA(VLOOKUP(B34,'Regioturnier 3'!$Z$3:$AA$34,2,FALSE))=TRUE,0,VLOOKUP(B34,'Regioturnier 3'!$Z$3:$AA$34,2,FALSE))) -> 0 | R34: =0.5*INDEX($H34:$N34,MATCH(LARGE($H34:$N34,1),$H34:$N34,0))+0.3*INDEX($H34:$N34,MATCH(LARGE($H34:$N34,2),$H34:$N34,0))+0.2*INDEX($H34:$N34,MATCH(LARGE($H34:$N34,3),$H34:$N34,0)) -> 154.8 | S34: =0.6*INDEX(O34:Q34,MATCH(LARGE(O34:Q34,1),O34:Q34,0))+0.4*INDEX(O34:Q34,MATCH(LARGE(O34:Q34,2),O34:Q34,0))+0*INDEX(O34:Q34,MATCH(LARGE(O34:Q34,3),O34:Q34,0)) -> 114 | T34: =1*INDEX(R34:S34,MATCH(LARGE(R34:S34,1),R34:S34,0))+0*INDEX(R34:S34,MATCH(LARGE(R34:S34,2),R34:S34,0)) -> 154.8
